Cancellation_ID,Subscription_ID,Customer_ID,Cancellation_Date,Reason
CAN00001,S00001,C0001,2025-08-18,Switched Competitor
CAN00002,S00008,C0006,2025-02-17,Missing Features
CAN00003,S00014,C0012,2027-05-01,Business Closure
CAN00004,S00017,C0015,2026-04-26,Switched Competitor
CAN00005,S00032,C0029,2025-04-16,Low Usage
CAN00006,S00036,C0032,2024-12-20,Low Usage
CAN00007,S00046,C0042,2026-05-16,Poor Experience
CAN00008,S00048,C0044,2024-04-12,Poor Experience
CAN00009,S00053,C0048,2024-03-22,Poor Experience
CAN00010,S00058,C0052,2026-06-01,Missing Features
CAN00011,S00065,C0057,2025-07-25,Switched Competitor
CAN00012,S00066,C0058,2024-10-04,Low Usage
CAN00013,S00076,C0067,2025-09-27,Price
CAN00014,S00082,C0072,2026-05-31,Price
CAN00015,S00087,C0077,2024-04-17,Poor Experience
CAN00016,S00088,C0078,2025-12-22,Poor Experience
CAN00017,S00089,C0078,2026-07-12,Switched Competitor
CAN00018,S00114,C0100,2025-07-31,Price
CAN00019,S00116,C0102,2026-07-02,Low Usage
CAN00020,S00120,C0105,2025-01-05,Missing Features
CAN00021,S00121,C0106,2026-08-04,Price
CAN00022,S00123,C0108,2025-11-03,Business Closure
CAN00023,S00127,C0110,2026-04-17,Low Usage
CAN00024,S00128,C0111,2026-11-28,Price
CAN00025,S00134,C0115,2026-04-12,Low Usage
CAN00026,S00137,C0117,2025-07-28,Low Usage
CAN00027,S00141,C0121,2026-07-03,Missing Features
CAN00028,S00143,C0123,2025-01-28,Poor Experience
CAN00029,S00148,C0127,2026-01-07,Low Usage
CAN00030,S00171,C0148,2024-04-07,Low Usage
CAN00031,S00181,C0156,2024-10-05,Missing Features
CAN00032,S00183,C0157,2025-08-02,Missing Features
CAN00033,S00185,C0159,2025-02-18,Business Closure
CAN00034,S00191,C0164,2024-10-16,Switched Competitor
CAN00035,S00195,C0167,2024-05-02,Poor Experience
CAN00036,S00207,C0178,2026-11-01,Business Closure
CAN00037,S00213,C0184,2024-01-05,Price
CAN00038,S00215,C0186,2024-09-18,Price
CAN00039,S00217,C0187,2026-10-20,Missing Features
CAN00040,S00218,C0188,2026-11-28,Price
CAN00041,S00237,C0205,2024-12-12,Missing Features
CAN00042,S00238,C0206,2026-10-16,Price
CAN00043,S00253,C0220,2024-07-09,Low Usage
CAN00044,S00260,C0226,2025-03-03,Low Usage
CAN00045,S00264,C0230,2025-07-05,Business Closure
CAN00046,S00267,C0232,2024-04-14,Price
CAN00047,S00276,C0240,2026-02-10,Price
CAN00048,S00279,C0243,2025-02-23,Price
CAN00049,S00289,C0251,2026-07-16,Switched Competitor
CAN00050,S00290,C0251,2027-08-06,Poor Experience
CAN00051,S00299,C0259,2026-09-04,Poor Experience
CAN00052,S00302,C0261,2024-02-09,Business Closure
CAN00053,S00304,C0262,2025-05-01,Price
CAN00054,S00306,C0263,2025-02-21,Price
CAN00055,S00309,C0266,2025-10-04,Low Usage
CAN00056,S00338,C0292,2025-10-13,Price
CAN00057,S00341,C0295,2025-10-26,Switched Competitor
CAN00058,S00342,C0296,2026-01-04,Missing Features
CAN00059,S00359,C0312,2025-11-02,Business Closure
CAN00060,S00361,C0313,2026-03-15,Switched Competitor
CAN00061,S00382,C0332,2026-06-26,Missing Features
CAN00062,S00383,C0333,2025-09-29,Low Usage
CAN00063,S00385,C0335,2024-03-15,Price
CAN00064,S00388,C0337,2026-05-28,Price
CAN00065,S00394,C0341,2026-02-18,Price
CAN00066,S00398,C0345,2024-05-17,Switched Competitor
CAN00067,S00402,C0349,2025-09-10,Poor Experience
CAN00068,S00409,C0354,2025-03-19,Switched Competitor
CAN00069,S00412,C0357,2025-04-30,Low Usage
CAN00070,S00425,C0367,2027-02-13,Low Usage
CAN00071,S00440,C0382,2025-07-07,Low Usage
CAN00072,S00444,C0385,2023-12-19,Low Usage
CAN00073,S00448,C0388,2026-09-12,Low Usage
CAN00074,S00452,C0391,2026-08-07,Switched Competitor
CAN00075,S00457,C0396,2026-09-07,Price
CAN00076,S00464,C0402,2025-11-30,Switched Competitor
CAN00077,S00478,C0416,2025-05-31,Switched Competitor
CAN00078,S00484,C0421,2026-08-01,Poor Experience
CAN00079,S00495,C0429,2024-08-21,Poor Experience
CAN00080,S00496,C0429,2025-06-29,Low Usage
CAN00081,S00502,C0435,2026-01-22,Low Usage
CAN00082,S00504,C0437,2025-02-06,Low Usage
CAN00083,S00506,C0438,2024-10-06,Low Usage
CAN00084,S00508,C0439,2024-09-03,Poor Experience
CAN00085,S00511,C0442,2025-03-15,Business Closure
CAN00086,S00512,C0443,2026-10-22,Low Usage
CAN00087,S00524,C0455,2025-05-23,Low Usage
CAN00088,S00542,C0473,2026-07-16,Price
CAN00089,S00550,C0479,2026-02-06,Price
CAN00090,S00554,C0482,2024-09-25,Price
CAN00091,S00561,C0488,2024-03-26,Missing Features
CAN00092,S00562,C0489,2023-07-17,Poor Experience
CAN00093,S00563,C0490,2026-12-05,Poor Experience
CAN00094,S00565,C0491,2025-02-23,Price
CAN00095,S00568,C0494,2025-03-26,Missing Features
CAN00096,S00576,C0501,2024-01-08,Poor Experience
CAN00097,S00585,C0508,2025-10-08,Poor Experience
CAN00098,S00587,C0509,2023-09-02,Switched Competitor
CAN00099,S00596,C0516,2026-11-18,Missing Features
CAN00100,S00601,C0519,2026-11-01,Business Closure
CAN00101,S00617,C0532,2024-02-09,Poor Experience
CAN00102,S00622,C0537,2024-12-09,Missing Features
CAN00103,S00625,C0540,2026-06-12,Switched Competitor
CAN00104,S00630,C0545,2023-12-10,Switched Competitor
CAN00105,S00633,C0547,2026-07-23,Low Usage
CAN00106,S00636,C0550,2025-05-25,Poor Experience
CAN00107,S00640,C0553,2026-05-14,Business Closure
CAN00108,S00649,C0561,2026-04-09,Missing Features
CAN00109,S00650,C0562,2025-12-26,Poor Experience
CAN00110,S00656,C0568,2025-12-17,Missing Features
CAN00111,S00664,C0575,2024-08-18,Poor Experience
CAN00112,S00668,C0579,2024-07-17,Business Closure
CAN00113,S00672,C0582,2024-07-23,Poor Experience
CAN00114,S00680,C0589,2026-09-23,Poor Experience
CAN00115,S00692,C0599,2025-02-08,Missing Features
CAN00116,S00694,C0601,2024-08-16,Poor Experience
CAN00117,S00696,C0602,2025-06-16,Missing Features
CAN00118,S00702,C0608,2025-09-22,Low Usage
CAN00119,S00703,C0608,2027-10-21,Low Usage
CAN00120,S00708,C0612,2023-11-11,Missing Features
CAN00121,S00713,C0616,2024-05-06,Missing Features
CAN00122,S00715,C0617,2025-12-04,Poor Experience
CAN00123,S00718,C0620,2023-08-19,Poor Experience
CAN00124,S00723,C0623,2025-01-10,Low Usage
CAN00125,S00725,C0624,2024-04-08,Price
CAN00126,S00726,C0625,2025-07-17,Price
CAN00127,S00731,C0630,2024-08-20,Missing Features
CAN00128,S00743,C0639,2026-12-01,Business Closure
CAN00129,S00746,C0642,2024-10-15,Switched Competitor
CAN00130,S00750,C0646,2024-02-24,Switched Competitor
CAN00131,S00764,C0657,2026-09-22,Switched Competitor
CAN00132,S00774,C0666,2027-01-12,Low Usage
CAN00133,S00791,C0683,2026-01-31,Price
CAN00134,S00801,C0693,2025-09-07,Price
CAN00135,S00818,C0710,2024-10-02,Low Usage
CAN00136,S00826,C0715,2024-05-24,Price
CAN00137,S00831,C0719,2023-09-04,Missing Features
CAN00138,S00835,C0721,2026-09-05,Business Closure
CAN00139,S00844,C0730,2024-03-08,Low Usage
CAN00140,S00845,C0731,2025-09-08,Price
CAN00141,S00862,C0748,2025-06-10,Price
CAN00142,S00863,C0749,2024-08-25,Low Usage
CAN00143,S00867,C0753,2026-01-30,Business Closure
CAN00144,S00877,C0762,2024-08-13,Poor Experience
CAN00145,S00878,C0763,2026-09-23,Poor Experience
CAN00146,S00886,C0770,2025-05-16,Business Closure
CAN00147,S00914,C0796,2023-07-15,Low Usage
CAN00148,S00916,C0797,2025-02-22,Price
CAN00149,S00921,C0801,2025-06-03,Price
CAN00150,S00925,C0805,2026-03-31,Poor Experience
CAN00151,S00931,C0810,2024-04-24,Price
CAN00152,S00943,C0820,2025-10-08,Switched Competitor
CAN00153,S00944,C0821,2026-08-23,Poor Experience
CAN00154,S00946,C0823,2025-03-19,Price
CAN00155,S00947,C0824,2025-03-15,Missing Features
CAN00156,S00983,C0858,2025-03-31,Price
CAN00157,S00984,C0859,2025-10-10,Business Closure
CAN00158,S00989,C0863,2024-06-29,Poor Experience
CAN00159,S00992,C0866,2026-04-29,Low Usage
CAN00160,S00999,C0872,2027-01-09,Poor Experience
CAN00161,S01004,C0876,2024-11-16,Price
CAN00162,S01008,C0880,2026-09-06,Missing Features
CAN00163,S01012,C0884,2025-02-28,Low Usage
CAN00164,S01013,C0885,2024-05-22,Low Usage
CAN00165,S01015,C0886,2027-05-06,Poor Experience
CAN00166,S01020,C0890,2024-06-23,Missing Features
CAN00167,S01023,C0893,2025-08-21,Price
CAN00168,S01029,C0897,2024-09-03,Price
CAN00169,S01041,C0908,2025-08-30,Missing Features
CAN00170,S01043,C0910,2026-06-11,Price
CAN00171,S01051,C0917,2025-09-18,Price
CAN00172,S01053,C0918,2026-06-20,Business Closure
CAN00173,S01071,C0935,2025-05-18,Switched Competitor
CAN00174,S01072,C0935,2026-08-03,Missing Features
CAN00175,S01077,C0940,2025-02-03,Low Usage
CAN00176,S01091,C0953,2027-01-08,Low Usage
CAN00177,S01093,C0954,2024-04-11,Missing Features
CAN00178,S01096,C0956,2026-04-26,Poor Experience
CAN00179,S01103,C0962,2023-07-25,Missing Features
CAN00180,S01106,C0964,2027-02-08,Business Closure
CAN00181,S01121,C0977,2024-03-04,Price
CAN00182,S01125,C0980,2024-01-06,Poor Experience
CAN00183,S01126,C0980,2024-09-24,Poor Experience
CAN00184,S01132,C0985,2026-04-21,Missing Features
CAN00185,S01135,C0988,2026-05-23,Poor Experience
CAN00186,S01136,C0989,2026-01-13,Poor Experience
CAN00187,S01142,C0993,2025-03-16,Low Usage
CAN00188,S01163,C1013,2026-08-10,Low Usage
CAN00189,S01166,C1015,2024-12-17,Low Usage
CAN00190,S01174,C1021,2025-10-07,Low Usage
CAN00191,S01182,C1029,2027-01-12,Low Usage
CAN00192,S01183,C1030,2026-09-17,Poor Experience
CAN00193,S01185,C1031,2024-08-05,Switched Competitor
CAN00194,S01187,C1032,2024-07-28,Missing Features
CAN00195,S01190,C1035,2025-01-18,Low Usage
CAN00196,S01192,C1037,2025-01-15,Price
CAN00197,S01198,C1042,2024-11-28,Poor Experience
CAN00198,S01200,C1044,2026-03-23,Low Usage
CAN00199,S01203,C1046,2024-04-24,Business Closure
CAN00200,S01205,C1047,2024-06-07,Price
CAN00201,S01208,C1050,2024-07-13,Business Closure
CAN00202,S01209,C1051,2025-05-07,Missing Features
CAN00203,S01219,C1060,2026-01-27,Low Usage
CAN00204,S01224,C1064,2025-04-26,Poor Experience
CAN00205,S01232,C1072,2026-01-02,Poor Experience
CAN00206,S01234,C1074,2024-03-25,Price
CAN00207,S01236,C1075,2024-10-06,Price
CAN00208,S01241,C1079,2025-02-01,Low Usage
CAN00209,S01250,C1088,2026-06-28,Poor Experience
CAN00210,S01254,C1090,2026-09-04,Missing Features
CAN00211,S01262,C1096,2026-10-20,Poor Experience
CAN00212,S01267,C1099,2027-01-04,Poor Experience
CAN00213,S01274,C1105,2025-01-01,Price
CAN00214,S01276,C1106,2025-03-26,Low Usage
CAN00215,S01283,C1111,2025-12-29,Switched Competitor
CAN00216,S01300,C1126,2025-04-15,Poor Experience
CAN00217,S01302,C1128,2025-01-15,Low Usage
CAN00218,S01313,C1138,2026-10-30,Business Closure
CAN00219,S01316,C1141,2023-11-26,Switched Competitor
CAN00220,S01321,C1145,2024-04-22,Switched Competitor
CAN00221,S01327,C1149,2027-01-19,Poor Experience
CAN00222,S01332,C1154,2024-02-27,Business Closure
CAN00223,S01334,C1155,2025-11-15,Business Closure
CAN00224,S01340,C1160,2025-08-20,Low Usage
CAN00225,S01347,C1166,2024-04-22,Business Closure
CAN00226,S01356,C1174,2023-12-23,Low Usage
CAN00227,S01359,C1176,2023-12-16,Poor Experience
CAN00228,S01363,C1179,2025-08-14,Low Usage
CAN00229,S01370,C1183,2026-06-07,Price
CAN00230,S01372,C1185,2025-12-11,Switched Competitor
CAN00231,S01373,C1185,2027-08-30,Business Closure
CAN00232,S01374,C1186,2025-12-25,Price
CAN00233,S01375,C1186,2027-01-08,Price
CAN00234,S01378,C1189,2026-06-11,Poor Experience
CAN00235,S01382,C1193,2024-10-13,Switched Competitor
CAN00236,S01385,C1195,2026-08-03,Low Usage
CAN00237,S01392,C1199,2025-12-04,Low Usage
CAN00238,S01396,C1203,2026-03-30,Missing Features
CAN00239,S01398,C1205,2024-11-12,Low Usage
CAN00240,S01399,C1206,2026-02-13,Poor Experience
CAN00241,S01406,C1212,2026-06-27,Business Closure
CAN00242,S01409,C1215,2024-11-02,Switched Competitor
CAN00243,S01419,C1224,2024-03-13,Low Usage
CAN00244,S01423,C1228,2027-05-03,Price
CAN00245,S01429,C1232,2026-10-18,Missing Features
CAN00246,S01431,C1233,2027-03-08,Poor Experience
CAN00247,S01449,C1251,2024-04-15,Price
CAN00248,S01452,C1253,2024-07-13,Low Usage
CAN00249,S01471,C1270,2024-08-18,Missing Features
CAN00250,S01492,C1291,2025-06-09,Price
CAN00251,S01504,C1301,2026-04-29,Business Closure
CAN00252,S01505,C1301,2026-09-25,Missing Features
CAN00253,S01519,C1312,2025-05-24,Missing Features
CAN00254,S01523,C1315,2024-09-19,Low Usage
CAN00255,S01526,C1316,2024-10-26,Business Closure
CAN00256,S01531,C1321,2026-01-31,Business Closure
CAN00257,S01533,C1323,2025-07-01,Business Closure
CAN00258,S01537,C1327,2026-04-08,Poor Experience
CAN00259,S01545,C1334,2026-07-17,Price
CAN00260,S01557,C1342,2027-03-28,Low Usage
CAN00261,S01558,C1343,2025-06-17,Low Usage
CAN00262,S01560,C1345,2026-09-28,Low Usage
CAN00263,S01562,C1346,2026-03-25,Low Usage
CAN00264,S01571,C1354,2024-02-11,Switched Competitor
CAN00265,S01572,C1355,2024-09-04,Business Closure
CAN00266,S01573,C1356,2024-08-09,Switched Competitor
CAN00267,S01590,C1371,2023-10-18,Low Usage
CAN00268,S01600,C1379,2025-04-18,Missing Features
CAN00269,S01603,C1382,2025-07-27,Missing Features
CAN00270,S01607,C1385,2024-08-10,Missing Features
CAN00271,S01609,C1387,2024-12-24,Low Usage
CAN00272,S01618,C1395,2024-09-08,Poor Experience
CAN00273,S01635,C1409,2024-04-26,Missing Features
CAN00274,S01637,C1411,2025-04-20,Poor Experience
CAN00275,S01643,C1416,2027-06-06,Business Closure
CAN00276,S01649,C1420,2024-04-18,Low Usage
CAN00277,S01659,C1429,2025-08-31,Low Usage
CAN00278,S01664,C1434,2024-10-24,Business Closure
CAN00279,S01682,C1452,2025-01-14,Business Closure
CAN00280,S01703,C1470,2025-01-15,Price
CAN00281,S01707,C1473,2025-11-22,Price
CAN00282,S01720,C1484,2025-03-18,Business Closure
CAN00283,S01726,C1490,2027-03-20,Low Usage
CAN00284,S01736,C1499,2023-10-02,Price
