Customer_ID,Customer_Name,City,Segment,Industry,Signup_Date
C0001,Customer_0001,Kolkata,Startup,Finance,2025-02-28
C0002,Customer_0002,Mumbai,Enterprise,Manufacturing,2023-01-31
C0003,Customer_0003,Ahmedabad,Mid-Market,IT Services,2023-01-11
C0004,Customer_0004,Pune,Startup,Retail,2023-04-06
C0005,Customer_0005,Kolkata,SMB,Manufacturing,2024-03-28
C0006,Customer_0006,Coimbatore,Mid-Market,Finance,2023-07-11
C0007,Customer_0007,Hyderabad,Startup,Healthcare,2024-04-30
C0008,Customer_0008,Kolkata,SMB,IT Services,2026-02-25
C0009,Customer_0009,Ahmedabad,SMB,Healthcare,2023-08-26
C0010,Customer_0010,Pune,SMB,Marketing,2026-02-09
C0011,Customer_0011,Mumbai,Startup,Manufacturing,2026-03-14
C0012,Customer_0012,Ahmedabad,Mid-Market,IT Services,2025-12-24
C0013,Customer_0013,Ahmedabad,Enterprise,Retail,2025-01-04
C0014,Customer_0014,Hyderabad,Enterprise,Manufacturing,2025-09-17
C0015,Customer_0015,Delhi,Mid-Market,Retail,2025-04-04
C0016,Customer_0016,Pune,Startup,Education,2023-04-16
C0017,Customer_0017,Chennai,Mid-Market,Healthcare,2023-06-30
C0018,Customer_0018,Ahmedabad,Startup,IT Services,2023-07-03
C0019,Customer_0019,Delhi,Startup,Retail,2023-08-14
C0020,Customer_0020,Chennai,SMB,Finance,2025-02-15
C0021,Customer_0021,Pune,SMB,Retail,2025-02-28
C0022,Customer_0022,Bengaluru,Mid-Market,Finance,2026-01-17
C0023,Customer_0023,Coimbatore,Mid-Market,Manufacturing,2024-11-18
C0024,Customer_0024,Delhi,SMB,IT Services,2024-06-13
C0025,Customer_0025,Kochi,SMB,Retail,2025-08-29
C0026,Customer_0026,Bengaluru,Enterprise,Marketing,2025-07-24
C0027,Customer_0027,Coimbatore,SMB,Retail,2023-04-16
C0028,Customer_0028,Hyderabad,SMB,Marketing,2025-04-10
C0029,Customer_0029,Kolkata,Startup,IT Services,2024-11-09
C0030,Customer_0030,Mumbai,Mid-Market,Retail,2025-04-28
C0031,Customer_0031,Kochi,Mid-Market,Finance,2025-11-21
C0032,Customer_0032,Hyderabad,Startup,Retail,2024-01-28
C0033,Customer_0033,Pune,Startup,Healthcare,2023-02-09
C0034,Customer_0034,Hyderabad,Mid-Market,Manufacturing,2024-10-21
C0035,Customer_0035,Kolkata,Mid-Market,Education,2025-09-07
C0036,Customer_0036,Pune,SMB,Finance,2026-01-10
C0037,Customer_0037,Kochi,Enterprise,Healthcare,2025-04-24
C0038,Customer_0038,Kolkata,Startup,Marketing,2023-07-20
C0039,Customer_0039,Chennai,SMB,Manufacturing,2024-03-22
C0040,Customer_0040,Mumbai,Enterprise,IT Services,2025-11-27
C0041,Customer_0041,Kochi,SMB,Finance,2024-03-19
C0042,Customer_0042,Chennai,SMB,Education,2025-01-30
C0043,Customer_0043,Coimbatore,SMB,Manufacturing,2023-08-15
C0044,Customer_0044,Kochi,SMB,Marketing,2023-02-17
C0045,Customer_0045,Coimbatore,Enterprise,Education,2025-11-07
C0046,Customer_0046,Pune,SMB,IT Services,2025-06-30
C0047,Customer_0047,Chennai,Mid-Market,IT Services,2023-07-06
C0048,Customer_0048,Mumbai,Startup,Marketing,2023-12-11
C0049,Customer_0049,Kolkata,Startup,Finance,2023-08-12
C0050,Customer_0050,Ahmedabad,Startup,Marketing,2025-04-09
C0051,Customer_0051,Hyderabad,Mid-Market,Retail,2024-05-02
C0052,Customer_0052,Bengaluru,SMB,IT Services,2025-05-26
C0053,Customer_0053,Mumbai,Mid-Market,Manufacturing,2025-04-28
C0054,Customer_0054,Chennai,SMB,Retail,2025-09-05
C0055,Customer_0055,Ahmedabad,Enterprise,Healthcare,2025-10-13
C0056,Customer_0056,Mumbai,Startup,Education,2023-07-07
C0057,Customer_0057,Chennai,Mid-Market,Retail,2023-09-27
C0058,Customer_0058,Delhi,Mid-Market,Education,2023-11-06
C0059,Customer_0059,Delhi,Mid-Market,Marketing,2026-03-01
C0060,Customer_0060,Coimbatore,Mid-Market,Retail,2025-12-31
C0061,Customer_0061,Mumbai,Mid-Market,Marketing,2025-04-24
C0062,Customer_0062,Delhi,SMB,Healthcare,2024-04-30
C0063,Customer_0063,Chennai,Startup,IT Services,2023-04-30
C0064,Customer_0064,Coimbatore,Startup,Healthcare,2023-08-08
C0065,Customer_0065,Chennai,Enterprise,IT Services,2023-02-22
C0066,Customer_0066,Coimbatore,SMB,Marketing,2025-01-27
C0067,Customer_0067,Mumbai,Mid-Market,IT Services,2025-01-07
C0068,Customer_0068,Ahmedabad,SMB,Education,2024-12-20
C0069,Customer_0069,Kolkata,Startup,Manufacturing,2024-02-10
C0070,Customer_0070,Kochi,Startup,Healthcare,2024-08-30
C0071,Customer_0071,Ahmedabad,Mid-Market,Retail,2025-10-17
C0072,Customer_0072,Pune,SMB,Healthcare,2024-02-26
C0073,Customer_0073,Chennai,Startup,Education,2024-12-12
C0074,Customer_0074,Pune,SMB,IT Services,2023-09-04
C0075,Customer_0075,Ahmedabad,Startup,Education,2023-03-13
C0076,Customer_0076,Coimbatore,SMB,Finance,2023-07-04
C0077,Customer_0077,Kochi,SMB,Finance,2023-01-06
C0078,Customer_0078,Kochi,Mid-Market,Retail,2025-06-24
C0079,Customer_0079,Bengaluru,SMB,Education,2024-01-22
C0080,Customer_0080,Kochi,SMB,Marketing,2024-11-29
C0081,Customer_0081,Kolkata,Startup,Retail,2026-01-04
C0082,Customer_0082,Kochi,Startup,Marketing,2025-04-06
C0083,Customer_0083,Ahmedabad,SMB,Retail,2023-12-15
C0084,Customer_0084,Bengaluru,SMB,Finance,2023-11-04
C0085,Customer_0085,Ahmedabad,SMB,Retail,2026-02-24
C0086,Customer_0086,Ahmedabad,SMB,Finance,2023-10-14
C0087,Customer_0087,Hyderabad,Mid-Market,IT Services,2025-02-04
C0088,Customer_0088,Bengaluru,Mid-Market,Marketing,2024-12-25
C0089,Customer_0089,Ahmedabad,Mid-Market,Education,2025-01-31
C0090,Customer_0090,Hyderabad,Startup,Retail,2024-01-18
C0091,Customer_0091,Hyderabad,SMB,Finance,2024-01-23
C0092,Customer_0092,Bengaluru,Startup,Healthcare,2024-06-08
C0093,Customer_0093,Pune,Startup,Marketing,2024-09-30
C0094,Customer_0094,Coimbatore,Enterprise,Retail,2025-07-26
C0095,Customer_0095,Kolkata,Startup,Manufacturing,2023-10-03
C0096,Customer_0096,Coimbatore,SMB,IT Services,2024-05-14
C0097,Customer_0097,Kochi,SMB,IT Services,2024-12-17
C0098,Customer_0098,Kolkata,Mid-Market,Healthcare,2023-12-03
C0099,Customer_0099,Kochi,SMB,Finance,2025-07-20
C0100,Customer_0100,Ahmedabad,Startup,Retail,2024-04-25
C0101,Customer_0101,Chennai,SMB,Marketing,2025-06-29
C0102,Customer_0102,Bengaluru,SMB,Finance,2025-12-17
C0103,Customer_0103,Kolkata,Startup,IT Services,2023-04-19
C0104,Customer_0104,Kolkata,SMB,Finance,2023-11-24
C0105,Customer_0105,Ahmedabad,Startup,IT Services,2023-11-11
C0106,Customer_0106,Pune,Startup,Finance,2026-02-08
C0107,Customer_0107,Hyderabad,SMB,Healthcare,2024-11-29
C0108,Customer_0108,Ahmedabad,Startup,Education,2025-02-19
C0109,Customer_0109,Delhi,SMB,Healthcare,2023-06-05
C0110,Customer_0110,Hyderabad,Mid-Market,Healthcare,2025-06-05
C0111,Customer_0111,Bengaluru,Mid-Market,Education,2025-10-22
C0112,Customer_0112,Hyderabad,Startup,Education,2025-01-27
C0113,Customer_0113,Pune,Startup,Retail,2024-12-22
C0114,Customer_0114,Hyderabad,Startup,Marketing,2025-07-01
C0115,Customer_0115,Bengaluru,SMB,Marketing,2025-05-20
C0116,Customer_0116,Pune,Mid-Market,Retail,2023-01-13
C0117,Customer_0117,Coimbatore,Startup,Healthcare,2024-08-30
C0118,Customer_0118,Kolkata,Enterprise,Healthcare,2024-05-12
C0119,Customer_0119,Kolkata,Startup,IT Services,2023-08-26
C0120,Customer_0120,Kochi,SMB,IT Services,2026-01-22
C0121,Customer_0121,Coimbatore,Mid-Market,Marketing,2025-02-19
C0122,Customer_0122,Coimbatore,Mid-Market,Retail,2026-04-09
C0123,Customer_0123,Hyderabad,Mid-Market,Manufacturing,2024-08-28
C0124,Customer_0124,Kolkata,Mid-Market,Manufacturing,2024-10-22
C0125,Customer_0125,Bengaluru,SMB,Retail,2025-04-28
C0126,Customer_0126,Mumbai,Mid-Market,IT Services,2025-07-24
C0127,Customer_0127,Mumbai,Startup,Marketing,2024-09-19
C0128,Customer_0128,Pune,Mid-Market,Marketing,2023-05-23
C0129,Customer_0129,Kolkata,SMB,IT Services,2024-12-14
C0130,Customer_0130,Kolkata,Mid-Market,Manufacturing,2024-04-23
C0131,Customer_0131,Mumbai,SMB,Finance,2024-07-18
C0132,Customer_0132,Kolkata,SMB,Finance,2024-04-15
C0133,Customer_0133,Hyderabad,SMB,IT Services,2024-01-19
C0134,Customer_0134,Delhi,Mid-Market,Finance,2025-07-14
C0135,Customer_0135,Chennai,Startup,Education,2024-02-21
C0136,Customer_0136,Coimbatore,Startup,Retail,2023-11-04
C0137,Customer_0137,Kochi,Startup,Retail,2024-10-10
C0138,Customer_0138,Pune,Startup,IT Services,2025-10-21
C0139,Customer_0139,Delhi,Mid-Market,Healthcare,2025-12-03
C0140,Customer_0140,Mumbai,Startup,Manufacturing,2025-01-08
C0141,Customer_0141,Coimbatore,Enterprise,IT Services,2026-01-26
C0142,Customer_0142,Kolkata,SMB,Finance,2023-05-20
C0143,Customer_0143,Kochi,Startup,Manufacturing,2025-08-31
C0144,Customer_0144,Kolkata,Mid-Market,Healthcare,2025-10-13
C0145,Customer_0145,Bengaluru,Mid-Market,Finance,2025-08-10
C0146,Customer_0146,Bengaluru,SMB,Marketing,2025-06-22
C0147,Customer_0147,Kochi,SMB,Education,2023-03-13
C0148,Customer_0148,Kochi,Mid-Market,Finance,2023-04-17
C0149,Customer_0149,Mumbai,Startup,Education,2025-12-01
C0150,Customer_0150,Kochi,Enterprise,Manufacturing,2025-06-01
C0151,Customer_0151,Hyderabad,Enterprise,Education,2023-05-19
C0152,Customer_0152,Kolkata,Mid-Market,Manufacturing,2024-09-06
C0153,Customer_0153,Delhi,Startup,Manufacturing,2025-05-12
C0154,Customer_0154,Ahmedabad,Mid-Market,Manufacturing,2023-09-30
C0155,Customer_0155,Kochi,Startup,Manufacturing,2024-02-20
C0156,Customer_0156,Pune,Startup,Manufacturing,2024-05-20
C0157,Customer_0157,Bengaluru,SMB,Finance,2025-01-02
C0158,Customer_0158,Hyderabad,SMB,Manufacturing,2024-02-28
C0159,Customer_0159,Coimbatore,Mid-Market,Finance,2024-01-25
C0160,Customer_0160,Ahmedabad,Mid-Market,Manufacturing,2023-12-08
C0161,Customer_0161,Delhi,Mid-Market,Education,2025-08-03
C0162,Customer_0162,Ahmedabad,SMB,Marketing,2024-09-05
C0163,Customer_0163,Kochi,SMB,Manufacturing,2024-05-07
C0164,Customer_0164,Mumbai,SMB,Healthcare,2023-07-11
C0165,Customer_0165,Bengaluru,Enterprise,Manufacturing,2024-05-13
C0166,Customer_0166,Bengaluru,Startup,Manufacturing,2025-04-01
C0167,Customer_0167,Coimbatore,Mid-Market,Education,2023-08-15
C0168,Customer_0168,Mumbai,SMB,Retail,2023-05-19
C0169,Customer_0169,Kolkata,SMB,Education,2025-05-05
C0170,Customer_0170,Chennai,Mid-Market,Healthcare,2025-03-27
C0171,Customer_0171,Hyderabad,SMB,Retail,2026-03-18
C0172,Customer_0172,Bengaluru,Mid-Market,IT Services,2026-02-12
C0173,Customer_0173,Pune,Enterprise,IT Services,2025-12-22
C0174,Customer_0174,Bengaluru,SMB,Healthcare,2023-04-14
C0175,Customer_0175,Ahmedabad,SMB,Education,2025-05-20
C0176,Customer_0176,Bengaluru,SMB,Finance,2024-10-29
C0177,Customer_0177,Bengaluru,Enterprise,Healthcare,2023-09-30
C0178,Customer_0178,Chennai,Startup,Marketing,2025-10-26
C0179,Customer_0179,Chennai,SMB,Retail,2026-03-16
C0180,Customer_0180,Delhi,SMB,Retail,2023-07-03
C0181,Customer_0181,Kolkata,Mid-Market,Manufacturing,2025-11-17
C0182,Customer_0182,Pune,Startup,IT Services,2026-02-16
C0183,Customer_0183,Bengaluru,Mid-Market,Retail,2023-10-20
C0184,Customer_0184,Bengaluru,Enterprise,Healthcare,2023-06-26
C0185,Customer_0185,Hyderabad,Startup,Retail,2023-02-27
C0186,Customer_0186,Chennai,Startup,Healthcare,2023-11-04
C0187,Customer_0187,Pune,Enterprise,Finance,2025-09-03
C0188,Customer_0188,Coimbatore,Startup,Manufacturing,2026-02-02
C0189,Customer_0189,Delhi,Mid-Market,IT Services,2024-11-30
C0190,Customer_0190,Kolkata,SMB,Retail,2023-03-24
C0191,Customer_0191,Mumbai,Startup,Healthcare,2023-09-09
C0192,Customer_0192,Kolkata,Mid-Market,Education,2025-03-06
C0193,Customer_0193,Ahmedabad,SMB,IT Services,2025-06-15
C0194,Customer_0194,Bengaluru,SMB,Finance,2023-07-29
C0195,Customer_0195,Delhi,SMB,Healthcare,2025-03-26
C0196,Customer_0196,Ahmedabad,SMB,Marketing,2024-08-31
C0197,Customer_0197,Pune,Startup,Marketing,2024-03-22
C0198,Customer_0198,Mumbai,SMB,Manufacturing,2024-04-04
C0199,Customer_0199,Chennai,Enterprise,Manufacturing,2025-08-25
C0200,Customer_0200,Delhi,SMB,Finance,2024-04-16
C0201,Customer_0201,Delhi,Mid-Market,Finance,2024-01-05
C0202,Customer_0202,Bengaluru,SMB,Manufacturing,2025-06-18
C0203,Customer_0203,Kochi,Mid-Market,Retail,2025-07-11
C0204,Customer_0204,Delhi,Startup,Retail,2023-05-17
C0205,Customer_0205,Hyderabad,Enterprise,Healthcare,2024-01-02
C0206,Customer_0206,Mumbai,SMB,Education,2025-06-30
C0207,Customer_0207,Mumbai,Startup,Healthcare,2023-07-03
C0208,Customer_0208,Hyderabad,Startup,Education,2024-04-16
C0209,Customer_0209,Coimbatore,Startup,Finance,2024-10-15
C0210,Customer_0210,Hyderabad,SMB,IT Services,2025-01-18
C0211,Customer_0211,Hyderabad,SMB,Healthcare,2024-06-20
C0212,Customer_0212,Mumbai,Mid-Market,Healthcare,2025-03-12
C0213,Customer_0213,Kolkata,SMB,Education,2025-07-08
C0214,Customer_0214,Mumbai,Startup,Finance,2024-05-24
C0215,Customer_0215,Kochi,SMB,Finance,2024-09-21
C0216,Customer_0216,Bengaluru,Mid-Market,Marketing,2025-09-28
C0217,Customer_0217,Ahmedabad,Startup,Education,2026-01-01
C0218,Customer_0218,Kolkata,Startup,Finance,2025-07-04
C0219,Customer_0219,Chennai,Startup,Manufacturing,2025-10-30
C0220,Customer_0220,Ahmedabad,Mid-Market,Retail,2023-06-01
C0221,Customer_0221,Bengaluru,Mid-Market,Marketing,2025-10-25
C0222,Customer_0222,Kochi,SMB,Manufacturing,2024-04-08
C0223,Customer_0223,Kochi,Mid-Market,IT Services,2026-02-10
C0224,Customer_0224,Chennai,Mid-Market,Healthcare,2023-09-28
C0225,Customer_0225,Kolkata,SMB,Marketing,2026-04-01
C0226,Customer_0226,Coimbatore,Mid-Market,IT Services,2024-04-04
C0227,Customer_0227,Hyderabad,Startup,Healthcare,2023-04-15
C0228,Customer_0228,Kolkata,Startup,Retail,2023-06-11
C0229,Customer_0229,Coimbatore,SMB,Finance,2023-12-17
C0230,Customer_0230,Kochi,Startup,Manufacturing,2024-03-09
C0231,Customer_0231,Mumbai,SMB,Education,2025-05-01
C0232,Customer_0232,Bengaluru,Enterprise,Manufacturing,2023-05-20
C0233,Customer_0233,Chennai,Startup,Retail,2026-03-01
C0234,Customer_0234,Bengaluru,Startup,IT Services,2023-03-28
C0235,Customer_0235,Pune,SMB,Education,2023-07-02
C0236,Customer_0236,Pune,Enterprise,Finance,2024-01-03
C0237,Customer_0237,Kolkata,SMB,Retail,2023-05-09
C0238,Customer_0238,Kochi,SMB,Education,2024-10-31
C0239,Customer_0239,Kochi,Startup,Retail,2023-05-29
C0240,Customer_0240,Hyderabad,Startup,Retail,2025-09-11
C0241,Customer_0241,Hyderabad,Enterprise,Finance,2025-05-01
C0242,Customer_0242,Hyderabad,Enterprise,Marketing,2024-09-19
C0243,Customer_0243,Mumbai,Startup,Healthcare,2024-03-21
C0244,Customer_0244,Ahmedabad,Enterprise,Education,2025-06-02
C0245,Customer_0245,Delhi,SMB,Finance,2023-10-21
C0246,Customer_0246,Ahmedabad,Mid-Market,Retail,2026-03-12
C0247,Customer_0247,Bengaluru,SMB,Finance,2023-09-07
C0248,Customer_0248,Ahmedabad,SMB,Marketing,2025-05-27
C0249,Customer_0249,Mumbai,SMB,Healthcare,2025-08-05
C0250,Customer_0250,Bengaluru,Mid-Market,Manufacturing,2025-09-01
C0251,Customer_0251,Ahmedabad,Startup,Education,2025-11-14
C0252,Customer_0252,Mumbai,Startup,Healthcare,2025-02-27
C0253,Customer_0253,Delhi,SMB,IT Services,2025-09-10
C0254,Customer_0254,Ahmedabad,Mid-Market,Education,2025-06-07
C0255,Customer_0255,Mumbai,Startup,Healthcare,2025-06-08
C0256,Customer_0256,Hyderabad,Mid-Market,Retail,2023-03-11
C0257,Customer_0257,Kochi,Enterprise,Education,2024-09-16
C0258,Customer_0258,Hyderabad,Startup,Education,2025-05-24
C0259,Customer_0259,Kochi,Mid-Market,Finance,2026-02-09
C0260,Customer_0260,Chennai,SMB,Retail,2024-04-15
C0261,Customer_0261,Chennai,Mid-Market,IT Services,2023-04-01
C0262,Customer_0262,Chennai,Startup,Manufacturing,2024-06-13
C0263,Customer_0263,Delhi,Mid-Market,Marketing,2024-10-22
C0264,Customer_0264,Hyderabad,Mid-Market,Healthcare,2025-01-08
C0265,Customer_0265,Kochi,Enterprise,Finance,2024-12-26
C0266,Customer_0266,Mumbai,Mid-Market,Healthcare,2025-05-21
C0267,Customer_0267,Bengaluru,SMB,IT Services,2023-07-11
C0268,Customer_0268,Mumbai,SMB,IT Services,2023-05-18
C0269,Customer_0269,Bengaluru,Mid-Market,Education,2023-12-11
C0270,Customer_0270,Pune,SMB,Marketing,2025-10-05
C0271,Customer_0271,Mumbai,Startup,IT Services,2024-05-17
C0272,Customer_0272,Ahmedabad,Enterprise,Healthcare,2023-07-22
C0273,Customer_0273,Ahmedabad,Mid-Market,Retail,2024-07-26
C0274,Customer_0274,Kolkata,Mid-Market,Retail,2023-07-11
C0275,Customer_0275,Hyderabad,Startup,Education,2023-01-05
C0276,Customer_0276,Bengaluru,Mid-Market,Manufacturing,2023-11-07
C0277,Customer_0277,Bengaluru,SMB,Healthcare,2024-07-02
C0278,Customer_0278,Hyderabad,Mid-Market,Healthcare,2023-02-25
C0279,Customer_0279,Delhi,Startup,IT Services,2024-03-18
C0280,Customer_0280,Kolkata,Mid-Market,Marketing,2025-05-19
C0281,Customer_0281,Delhi,Enterprise,Healthcare,2024-08-07
C0282,Customer_0282,Delhi,Startup,Finance,2025-01-21
C0283,Customer_0283,Delhi,Enterprise,Manufacturing,2023-12-26
C0284,Customer_0284,Hyderabad,SMB,IT Services,2025-03-29
C0285,Customer_0285,Delhi,Mid-Market,Finance,2023-01-30
C0286,Customer_0286,Ahmedabad,Mid-Market,Education,2023-04-18
C0287,Customer_0287,Chennai,SMB,Retail,2025-04-23
C0288,Customer_0288,Pune,Mid-Market,Education,2024-12-17
C0289,Customer_0289,Bengaluru,Mid-Market,Retail,2025-06-09
C0290,Customer_0290,Bengaluru,SMB,Education,2025-08-17
C0291,Customer_0291,Pune,SMB,Healthcare,2025-06-11
C0292,Customer_0292,Hyderabad,Mid-Market,Finance,2025-01-01
C0293,Customer_0293,Mumbai,Mid-Market,Retail,2024-08-28
C0294,Customer_0294,Hyderabad,Mid-Market,IT Services,2024-04-01
C0295,Customer_0295,Bengaluru,Mid-Market,Finance,2024-09-06
C0296,Customer_0296,Bengaluru,SMB,IT Services,2024-11-28
C0297,Customer_0297,Pune,Mid-Market,Finance,2024-11-04
C0298,Customer_0298,Delhi,Startup,Finance,2024-06-26
C0299,Customer_0299,Hyderabad,SMB,Education,2025-05-06
C0300,Customer_0300,Kochi,Startup,Retail,2025-06-15
C0301,Customer_0301,Pune,SMB,Retail,2023-10-05
C0302,Customer_0302,Ahmedabad,SMB,Marketing,2024-07-05
C0303,Customer_0303,Bengaluru,SMB,Finance,2023-04-21
C0304,Customer_0304,Pune,Mid-Market,Healthcare,2024-01-20
C0305,Customer_0305,Hyderabad,SMB,Healthcare,2025-01-30
C0306,Customer_0306,Bengaluru,SMB,IT Services,2024-11-24
C0307,Customer_0307,Mumbai,Startup,IT Services,2024-02-09
C0308,Customer_0308,Pune,SMB,Education,2023-01-22
C0309,Customer_0309,Kolkata,Startup,Finance,2024-11-08
C0310,Customer_0310,Bengaluru,Startup,IT Services,2024-09-02
C0311,Customer_0311,Hyderabad,SMB,IT Services,2023-01-08
C0312,Customer_0312,Chennai,Mid-Market,Manufacturing,2024-12-02
C0313,Customer_0313,Kochi,SMB,Finance,2024-06-12
C0314,Customer_0314,Coimbatore,SMB,Education,2024-08-24
C0315,Customer_0315,Delhi,SMB,IT Services,2024-10-18
C0316,Customer_0316,Coimbatore,Mid-Market,Education,2023-06-15
C0317,Customer_0317,Hyderabad,SMB,Retail,2025-04-28
C0318,Customer_0318,Ahmedabad,SMB,Education,2024-05-10
C0319,Customer_0319,Ahmedabad,Startup,Healthcare,2024-08-12
C0320,Customer_0320,Chennai,SMB,Healthcare,2024-03-04
C0321,Customer_0321,Delhi,SMB,Education,2025-02-12
C0322,Customer_0322,Kolkata,SMB,Healthcare,2023-06-12
C0323,Customer_0323,Chennai,SMB,Retail,2024-01-01
C0324,Customer_0324,Coimbatore,SMB,Finance,2023-03-13
C0325,Customer_0325,Chennai,SMB,Healthcare,2024-10-16
C0326,Customer_0326,Coimbatore,Mid-Market,Healthcare,2023-09-26
C0327,Customer_0327,Bengaluru,Mid-Market,Education,2024-02-19
C0328,Customer_0328,Ahmedabad,Mid-Market,Retail,2025-10-12
C0329,Customer_0329,Bengaluru,Enterprise,Marketing,2024-11-05
C0330,Customer_0330,Kochi,Startup,Marketing,2025-12-19
C0331,Customer_0331,Delhi,Startup,Marketing,2023-01-06
C0332,Customer_0332,Kolkata,Startup,Marketing,2025-09-08
C0333,Customer_0333,Coimbatore,SMB,Finance,2024-07-23
C0334,Customer_0334,Kolkata,Mid-Market,Education,2024-02-11
C0335,Customer_0335,Coimbatore,Startup,Education,2023-01-26
C0336,Customer_0336,Hyderabad,Enterprise,Manufacturing,2025-10-25
C0337,Customer_0337,Chennai,Startup,Retail,2025-09-12
C0338,Customer_0338,Kochi,Enterprise,Marketing,2024-01-25
C0339,Customer_0339,Ahmedabad,SMB,Finance,2024-12-10
C0340,Customer_0340,Coimbatore,Startup,Retail,2024-07-24
C0341,Customer_0341,Kolkata,SMB,Marketing,2025-01-23
C0342,Customer_0342,Kochi,SMB,Finance,2023-05-26
C0343,Customer_0343,Mumbai,SMB,Retail,2025-02-23
C0344,Customer_0344,Mumbai,SMB,Education,2024-06-09
C0345,Customer_0345,Bengaluru,Mid-Market,Education,2023-01-13
C0346,Customer_0346,Ahmedabad,SMB,IT Services,2025-06-21
C0347,Customer_0347,Hyderabad,SMB,Healthcare,2024-01-19
C0348,Customer_0348,Kolkata,SMB,Marketing,2024-07-09
C0349,Customer_0349,Chennai,Mid-Market,Manufacturing,2025-06-05
C0350,Customer_0350,Chennai,SMB,Retail,2023-01-19
C0351,Customer_0351,Kolkata,SMB,Manufacturing,2024-07-28
C0352,Customer_0352,Delhi,Startup,IT Services,2025-01-20
C0353,Customer_0353,Hyderabad,Startup,Healthcare,2025-09-30
C0354,Customer_0354,Kochi,Mid-Market,Retail,2024-02-23
C0355,Customer_0355,Coimbatore,Startup,Finance,2024-02-23
C0356,Customer_0356,Delhi,SMB,Marketing,2023-05-02
C0357,Customer_0357,Coimbatore,Mid-Market,Healthcare,2024-03-07
C0358,Customer_0358,Coimbatore,Startup,Education,2023-02-13
C0359,Customer_0359,Delhi,SMB,IT Services,2024-01-16
C0360,Customer_0360,Bengaluru,SMB,Healthcare,2023-05-25
C0361,Customer_0361,Mumbai,Enterprise,Marketing,2023-12-29
C0362,Customer_0362,Coimbatore,SMB,Healthcare,2025-12-09
C0363,Customer_0363,Delhi,Mid-Market,Marketing,2025-12-24
C0364,Customer_0364,Delhi,SMB,Education,2023-12-21
C0365,Customer_0365,Pune,Startup,Retail,2025-03-10
C0366,Customer_0366,Bengaluru,SMB,Finance,2026-04-02
C0367,Customer_0367,Ahmedabad,Enterprise,Education,2026-03-10
C0368,Customer_0368,Pune,SMB,Finance,2025-04-05
C0369,Customer_0369,Pune,Mid-Market,Retail,2026-02-25
C0370,Customer_0370,Kolkata,Mid-Market,Healthcare,2024-02-02
C0371,Customer_0371,Mumbai,Startup,Finance,2025-05-29
C0372,Customer_0372,Delhi,Startup,IT Services,2024-04-07
C0373,Customer_0373,Mumbai,SMB,IT Services,2025-03-18
C0374,Customer_0374,Hyderabad,SMB,Marketing,2023-07-06
C0375,Customer_0375,Kolkata,Mid-Market,Education,2025-01-01
C0376,Customer_0376,Ahmedabad,Enterprise,Retail,2024-03-04
C0377,Customer_0377,Mumbai,SMB,Marketing,2025-05-07
C0378,Customer_0378,Chennai,Startup,Education,2023-08-25
C0379,Customer_0379,Coimbatore,Mid-Market,Education,2025-02-09
C0380,Customer_0380,Hyderabad,SMB,Marketing,2025-01-27
C0381,Customer_0381,Bengaluru,Mid-Market,Manufacturing,2023-05-16
C0382,Customer_0382,Ahmedabad,SMB,Education,2025-03-02
C0383,Customer_0383,Hyderabad,Mid-Market,Manufacturing,2023-06-20
C0384,Customer_0384,Coimbatore,Startup,IT Services,2023-06-08
C0385,Customer_0385,Kolkata,SMB,IT Services,2023-07-20
C0386,Customer_0386,Coimbatore,SMB,Education,2025-08-19
C0387,Customer_0387,Pune,SMB,IT Services,2024-08-05
C0388,Customer_0388,Coimbatore,Startup,Retail,2025-05-25
C0389,Customer_0389,Pune,Mid-Market,Manufacturing,2024-01-06
C0390,Customer_0390,Kolkata,Mid-Market,Manufacturing,2023-04-13
C0391,Customer_0391,Kochi,Startup,Education,2025-09-28
C0392,Customer_0392,Pune,Startup,IT Services,2026-02-22
C0393,Customer_0393,Bengaluru,Startup,Finance,2025-09-02
C0394,Customer_0394,Coimbatore,SMB,Marketing,2025-03-08
C0395,Customer_0395,Coimbatore,SMB,Marketing,2024-10-19
C0396,Customer_0396,Bengaluru,SMB,Manufacturing,2025-05-31
C0397,Customer_0397,Chennai,Startup,Education,2025-01-02
C0398,Customer_0398,Delhi,SMB,Education,2024-02-27
C0399,Customer_0399,Kochi,SMB,Retail,2024-07-25
C0400,Customer_0400,Ahmedabad,SMB,Healthcare,2023-06-20
C0401,Customer_0401,Pune,Enterprise,Healthcare,2023-06-22
C0402,Customer_0402,Bengaluru,Startup,Manufacturing,2024-10-24
C0403,Customer_0403,Kolkata,Mid-Market,Marketing,2024-03-28
C0404,Customer_0404,Pune,SMB,Retail,2023-12-16
C0405,Customer_0405,Delhi,SMB,Retail,2024-05-08
C0406,Customer_0406,Kolkata,Mid-Market,Retail,2024-09-11
C0407,Customer_0407,Hyderabad,Mid-Market,Manufacturing,2025-10-24
C0408,Customer_0408,Coimbatore,Enterprise,Healthcare,2026-01-21
C0409,Customer_0409,Hyderabad,Startup,Marketing,2025-07-07
C0410,Customer_0410,Pune,Startup,Retail,2023-01-06
C0411,Customer_0411,Delhi,Mid-Market,Marketing,2023-10-15
C0412,Customer_0412,Kochi,SMB,IT Services,2026-03-15
C0413,Customer_0413,Pune,SMB,Education,2024-08-30
C0414,Customer_0414,Bengaluru,Startup,Education,2024-04-01
C0415,Customer_0415,Mumbai,Startup,Marketing,2025-10-26
C0416,Customer_0416,Pune,Mid-Market,Finance,2024-09-15
C0417,Customer_0417,Coimbatore,Startup,Finance,2024-01-11
C0418,Customer_0418,Coimbatore,SMB,Manufacturing,2024-03-22
C0419,Customer_0419,Pune,Startup,Manufacturing,2025-04-14
C0420,Customer_0420,Kolkata,SMB,Education,2026-02-03
C0421,Customer_0421,Mumbai,Startup,IT Services,2025-03-21
C0422,Customer_0422,Bengaluru,SMB,Healthcare,2026-01-24
C0423,Customer_0423,Pune,Startup,Healthcare,2025-08-16
C0424,Customer_0424,Kolkata,Mid-Market,Manufacturing,2025-04-28
C0425,Customer_0425,Coimbatore,Startup,IT Services,2025-03-19
C0426,Customer_0426,Coimbatore,SMB,Manufacturing,2025-09-05
C0427,Customer_0427,Delhi,Mid-Market,Healthcare,2024-02-20
C0428,Customer_0428,Pune,Mid-Market,Marketing,2024-12-26
C0429,Customer_0429,Mumbai,SMB,Manufacturing,2024-03-29
C0430,Customer_0430,Chennai,SMB,Retail,2023-05-30
C0431,Customer_0431,Mumbai,SMB,Marketing,2025-01-28
C0432,Customer_0432,Coimbatore,Mid-Market,Manufacturing,2025-02-17
C0433,Customer_0433,Coimbatore,Enterprise,Education,2025-08-30
C0434,Customer_0434,Hyderabad,Mid-Market,Manufacturing,2025-02-01
C0435,Customer_0435,Coimbatore,SMB,Education,2025-09-28
C0436,Customer_0436,Bengaluru,Mid-Market,IT Services,2023-03-17
C0437,Customer_0437,Ahmedabad,SMB,Healthcare,2024-08-21
C0438,Customer_0438,Pune,Startup,Marketing,2023-08-13
C0439,Customer_0439,Mumbai,SMB,Marketing,2023-04-23
C0440,Customer_0440,Ahmedabad,Enterprise,Finance,2023-09-08
C0441,Customer_0441,Kolkata,Startup,Finance,2025-04-20
C0442,Customer_0442,Chennai,Mid-Market,Healthcare,2024-12-14
C0443,Customer_0443,Bengaluru,Startup,Finance,2026-01-11
C0444,Customer_0444,Mumbai,SMB,Marketing,2023-05-05
C0445,Customer_0445,Ahmedabad,Startup,Manufacturing,2026-04-13
C0446,Customer_0446,Chennai,SMB,IT Services,2025-12-28
C0447,Customer_0447,Hyderabad,Mid-Market,IT Services,2025-12-06
C0448,Customer_0448,Bengaluru,SMB,Healthcare,2025-06-02
C0449,Customer_0449,Bengaluru,Mid-Market,Finance,2023-01-30
C0450,Customer_0450,Hyderabad,Mid-Market,Manufacturing,2023-10-08
C0451,Customer_0451,Pune,Enterprise,IT Services,2025-07-12
C0452,Customer_0452,Hyderabad,Startup,IT Services,2024-01-03
C0453,Customer_0453,Bengaluru,SMB,Retail,2024-05-09
C0454,Customer_0454,Bengaluru,Startup,Retail,2025-11-14
C0455,Customer_0455,Ahmedabad,Enterprise,Marketing,2024-12-18
C0456,Customer_0456,Coimbatore,Enterprise,IT Services,2025-10-13
C0457,Customer_0457,Chennai,SMB,Healthcare,2024-08-28
C0458,Customer_0458,Hyderabad,Mid-Market,Education,2024-01-10
C0459,Customer_0459,Chennai,SMB,Education,2024-09-30
C0460,Customer_0460,Hyderabad,SMB,Manufacturing,2025-11-14
C0461,Customer_0461,Kolkata,Startup,IT Services,2023-04-26
C0462,Customer_0462,Bengaluru,Mid-Market,IT Services,2023-02-17
C0463,Customer_0463,Coimbatore,Startup,Marketing,2023-04-09
C0464,Customer_0464,Ahmedabad,Mid-Market,IT Services,2024-02-09
C0465,Customer_0465,Coimbatore,Mid-Market,Healthcare,2024-11-15
C0466,Customer_0466,Coimbatore,Mid-Market,Retail,2025-06-21
C0467,Customer_0467,Coimbatore,Startup,IT Services,2024-05-17
C0468,Customer_0468,Chennai,SMB,IT Services,2025-06-12
C0469,Customer_0469,Hyderabad,SMB,Marketing,2023-09-15
C0470,Customer_0470,Kochi,SMB,Finance,2025-04-23
C0471,Customer_0471,Kolkata,Startup,Marketing,2023-05-01
C0472,Customer_0472,Mumbai,Enterprise,Marketing,2025-03-20
C0473,Customer_0473,Coimbatore,SMB,Healthcare,2025-09-04
C0474,Customer_0474,Pune,SMB,Manufacturing,2023-02-23
C0475,Customer_0475,Chennai,SMB,IT Services,2025-10-15
C0476,Customer_0476,Ahmedabad,SMB,Marketing,2025-02-22
C0477,Customer_0477,Mumbai,SMB,Marketing,2023-08-29
C0478,Customer_0478,Kochi,SMB,Finance,2024-04-27
C0479,Customer_0479,Pune,Enterprise,Marketing,2025-10-09
C0480,Customer_0480,Kochi,SMB,Education,2023-07-06
C0481,Customer_0481,Mumbai,Enterprise,Manufacturing,2024-10-17
C0482,Customer_0482,Coimbatore,Mid-Market,IT Services,2023-09-19
C0483,Customer_0483,Pune,Startup,IT Services,2025-08-10
C0484,Customer_0484,Kochi,Enterprise,Finance,2024-05-05
C0485,Customer_0485,Ahmedabad,Startup,Healthcare,2024-03-06
C0486,Customer_0486,Hyderabad,Mid-Market,IT Services,2023-08-27
C0487,Customer_0487,Bengaluru,SMB,Education,2023-10-31
C0488,Customer_0488,Hyderabad,Mid-Market,IT Services,2023-10-25
C0489,Customer_0489,Mumbai,Mid-Market,Education,2023-03-17
C0490,Customer_0490,Chennai,Mid-Market,Manufacturing,2025-09-25
C0491,Customer_0491,Bengaluru,Mid-Market,Manufacturing,2024-10-03
C0492,Customer_0492,Kolkata,SMB,Retail,2025-04-06
C0493,Customer_0493,Ahmedabad,Startup,Retail,2023-10-10
C0494,Customer_0494,Kolkata,SMB,Education,2024-08-13
C0495,Customer_0495,Pune,Startup,Healthcare,2023-03-13
C0496,Customer_0496,Bengaluru,Mid-Market,IT Services,2024-12-03
C0497,Customer_0497,Kolkata,SMB,Marketing,2024-07-28
C0498,Customer_0498,Kolkata,Enterprise,IT Services,2025-09-26
C0499,Customer_0499,Kochi,SMB,Retail,2025-06-10
C0500,Customer_0500,Hyderabad,Mid-Market,Marketing,2023-01-12
C0501,Customer_0501,Kochi,Startup,Education,2023-05-21
C0502,Customer_0502,Bengaluru,Mid-Market,Marketing,2023-01-17
C0503,Customer_0503,Bengaluru,Enterprise,IT Services,2025-12-22
C0504,Customer_0504,Mumbai,SMB,IT Services,2023-09-10
C0505,Customer_0505,Kochi,SMB,Healthcare,2024-04-09
C0506,Customer_0506,Delhi,Mid-Market,Finance,2024-01-11
C0507,Customer_0507,Hyderabad,Startup,Marketing,2025-09-07
C0508,Customer_0508,Bengaluru,SMB,Retail,2024-06-03
C0509,Customer_0509,Mumbai,SMB,Retail,2023-03-31
C0510,Customer_0510,Kochi,Startup,Finance,2024-12-20
C0511,Customer_0511,Hyderabad,SMB,IT Services,2025-03-14
C0512,Customer_0512,Kochi,Startup,Healthcare,2025-03-06
C0513,Customer_0513,Kolkata,Startup,Healthcare,2024-09-21
C0514,Customer_0514,Mumbai,Startup,Retail,2026-04-13
C0515,Customer_0515,Hyderabad,Enterprise,Healthcare,2023-03-17
C0516,Customer_0516,Coimbatore,SMB,Manufacturing,2025-07-14
C0517,Customer_0517,Pune,Enterprise,Finance,2024-02-04
C0518,Customer_0518,Pune,SMB,IT Services,2025-08-27
C0519,Customer_0519,Hyderabad,SMB,Manufacturing,2025-12-30
C0520,Customer_0520,Kochi,SMB,Finance,2026-02-21
C0521,Customer_0521,Mumbai,SMB,Education,2025-03-07
C0522,Customer_0522,Pune,Startup,Marketing,2023-07-14
C0523,Customer_0523,Mumbai,SMB,Retail,2023-08-16
C0524,Customer_0524,Pune,Startup,Healthcare,2024-04-05
C0525,Customer_0525,Kolkata,SMB,Education,2024-09-09
C0526,Customer_0526,Kochi,Mid-Market,Healthcare,2025-11-10
C0527,Customer_0527,Kolkata,Startup,Manufacturing,2023-03-05
C0528,Customer_0528,Pune,Startup,IT Services,2023-06-14
C0529,Customer_0529,Coimbatore,Mid-Market,IT Services,2023-01-27
C0530,Customer_0530,Coimbatore,SMB,IT Services,2025-10-08
C0531,Customer_0531,Kolkata,Startup,Healthcare,2023-10-12
C0532,Customer_0532,Coimbatore,Enterprise,Education,2023-10-08
C0533,Customer_0533,Pune,Startup,IT Services,2025-04-17
C0534,Customer_0534,Hyderabad,Mid-Market,Education,2025-04-10
C0535,Customer_0535,Kolkata,Enterprise,Healthcare,2026-04-02
C0536,Customer_0536,Chennai,Startup,Manufacturing,2025-07-06
C0537,Customer_0537,Kochi,Startup,Education,2023-08-12
C0538,Customer_0538,Coimbatore,Startup,Manufacturing,2025-02-22
C0539,Customer_0539,Coimbatore,SMB,Healthcare,2026-03-15
C0540,Customer_0540,Bengaluru,Startup,Healthcare,2025-08-22
C0541,Customer_0541,Delhi,Mid-Market,Retail,2025-08-07
C0542,Customer_0542,Kolkata,Startup,Healthcare,2025-11-19
C0543,Customer_0543,Ahmedabad,SMB,Healthcare,2023-02-14
C0544,Customer_0544,Coimbatore,Enterprise,Finance,2024-04-15
C0545,Customer_0545,Kochi,Mid-Market,IT Services,2023-02-03
C0546,Customer_0546,Chennai,SMB,Retail,2024-10-14
C0547,Customer_0547,Coimbatore,SMB,Marketing,2025-04-09
C0548,Customer_0548,Chennai,SMB,Retail,2023-08-09
C0549,Customer_0549,Pune,SMB,Retail,2024-06-17
C0550,Customer_0550,Pune,SMB,Marketing,2024-11-22
C0551,Customer_0551,Delhi,Startup,Finance,2025-07-20
C0552,Customer_0552,Hyderabad,Mid-Market,Manufacturing,2025-04-20
C0553,Customer_0553,Ahmedabad,SMB,Healthcare,2025-10-07
C0554,Customer_0554,Bengaluru,Startup,IT Services,2024-08-04
C0555,Customer_0555,Delhi,SMB,Education,2026-02-13
C0556,Customer_0556,Mumbai,SMB,Marketing,2023-08-27
C0557,Customer_0557,Bengaluru,Mid-Market,Manufacturing,2024-03-16
C0558,Customer_0558,Kolkata,Mid-Market,Marketing,2023-05-28
C0559,Customer_0559,Kochi,Mid-Market,Healthcare,2025-10-29
C0560,Customer_0560,Mumbai,Startup,Finance,2024-01-23
C0561,Customer_0561,Mumbai,SMB,Marketing,2025-12-09
C0562,Customer_0562,Delhi,SMB,Healthcare,2025-07-04
C0563,Customer_0563,Hyderabad,Startup,Healthcare,2024-09-29
C0564,Customer_0564,Delhi,SMB,Finance,2023-10-05
C0565,Customer_0565,Kolkata,Mid-Market,Retail,2025-09-15
C0566,Customer_0566,Coimbatore,Startup,Retail,2024-08-11
C0567,Customer_0567,Coimbatore,SMB,IT Services,2024-10-10
C0568,Customer_0568,Hyderabad,Startup,IT Services,2024-09-09
C0569,Customer_0569,Kolkata,Startup,Retail,2023-05-15
C0570,Customer_0570,Hyderabad,Startup,Manufacturing,2024-08-02
C0571,Customer_0571,Chennai,Enterprise,Education,2026-03-16
C0572,Customer_0572,Coimbatore,Mid-Market,Healthcare,2024-05-04
C0573,Customer_0573,Mumbai,Enterprise,Education,2024-04-22
C0574,Customer_0574,Ahmedabad,SMB,Healthcare,2026-03-28
C0575,Customer_0575,Kochi,Startup,Retail,2024-01-19
C0576,Customer_0576,Kolkata,SMB,IT Services,2023-06-12
C0577,Customer_0577,Bengaluru,SMB,Manufacturing,2024-03-16
C0578,Customer_0578,Hyderabad,Mid-Market,IT Services,2024-02-19
C0579,Customer_0579,Kochi,Startup,Education,2023-10-15
C0580,Customer_0580,Bengaluru,SMB,IT Services,2023-07-06
C0581,Customer_0581,Kochi,Startup,Retail,2026-03-07
C0582,Customer_0582,Ahmedabad,SMB,Manufacturing,2023-05-10
C0583,Customer_0583,Bengaluru,Mid-Market,Education,2023-07-13
C0584,Customer_0584,Delhi,SMB,Manufacturing,2023-11-12
C0585,Customer_0585,Pune,SMB,Healthcare,2023-05-24
C0586,Customer_0586,Delhi,SMB,IT Services,2023-01-16
C0587,Customer_0587,Coimbatore,SMB,Manufacturing,2024-02-27
C0588,Customer_0588,Pune,Mid-Market,Finance,2023-09-02
C0589,Customer_0589,Delhi,Mid-Market,IT Services,2025-07-15
C0590,Customer_0590,Pune,Enterprise,Healthcare,2026-02-04
C0591,Customer_0591,Pune,Mid-Market,Manufacturing,2026-01-16
C0592,Customer_0592,Mumbai,SMB,Education,2023-05-09
C0593,Customer_0593,Hyderabad,Mid-Market,Healthcare,2025-06-25
C0594,Customer_0594,Hyderabad,SMB,Finance,2025-06-05
C0595,Customer_0595,Mumbai,SMB,Manufacturing,2023-12-07
C0596,Customer_0596,Kochi,Mid-Market,Marketing,2023-01-04
C0597,Customer_0597,Chennai,Startup,Marketing,2023-11-02
C0598,Customer_0598,Kochi,Enterprise,Retail,2025-06-26
C0599,Customer_0599,Bengaluru,SMB,IT Services,2024-08-29
C0600,Customer_0600,Bengaluru,SMB,Education,2025-09-18
C0601,Customer_0601,Pune,Mid-Market,Retail,2023-11-17
C0602,Customer_0602,Delhi,Mid-Market,Manufacturing,2024-07-12
C0603,Customer_0603,Delhi,SMB,Marketing,2024-09-09
C0604,Customer_0604,Hyderabad,SMB,Marketing,2024-12-11
C0605,Customer_0605,Kolkata,Startup,Marketing,2026-02-05
C0606,Customer_0606,Kochi,SMB,Manufacturing,2024-06-14
C0607,Customer_0607,Coimbatore,Startup,Marketing,2024-02-14
C0608,Customer_0608,Ahmedabad,Mid-Market,Healthcare,2025-03-28
C0609,Customer_0609,Delhi,SMB,Manufacturing,2026-04-09
C0610,Customer_0610,Ahmedabad,Mid-Market,Education,2024-05-07
C0611,Customer_0611,Pune,Startup,Retail,2023-01-12
C0612,Customer_0612,Ahmedabad,Startup,Education,2023-07-14
C0613,Customer_0613,Coimbatore,Mid-Market,Finance,2024-05-04
C0614,Customer_0614,Mumbai,Startup,Marketing,2025-03-05
C0615,Customer_0615,Coimbatore,Startup,Finance,2025-05-30
C0616,Customer_0616,Ahmedabad,Startup,IT Services,2023-07-01
C0617,Customer_0617,Coimbatore,Enterprise,IT Services,2025-08-19
C0618,Customer_0618,Chennai,Mid-Market,Finance,2024-10-17
C0619,Customer_0619,Pune,SMB,Manufacturing,2024-11-24
C0620,Customer_0620,Kochi,SMB,Education,2023-01-30
C0621,Customer_0621,Mumbai,SMB,Finance,2026-01-24
C0622,Customer_0622,Delhi,Mid-Market,IT Services,2025-02-16
C0623,Customer_0623,Bengaluru,Mid-Market,Finance,2024-03-19
C0624,Customer_0624,Kochi,Startup,Manufacturing,2023-10-25
C0625,Customer_0625,Bengaluru,Startup,Finance,2025-03-18
C0626,Customer_0626,Pune,Startup,Education,2025-04-24
C0627,Customer_0627,Mumbai,Mid-Market,Retail,2025-10-12
C0628,Customer_0628,Hyderabad,Mid-Market,Manufacturing,2024-07-07
C0629,Customer_0629,Delhi,SMB,IT Services,2023-10-30
C0630,Customer_0630,Chennai,Startup,Education,2024-02-25
C0631,Customer_0631,Hyderabad,Startup,Finance,2023-07-04
C0632,Customer_0632,Pune,Enterprise,Finance,2024-04-12
C0633,Customer_0633,Kochi,SMB,Retail,2025-01-23
C0634,Customer_0634,Chennai,Mid-Market,IT Services,2023-12-29
C0635,Customer_0635,Coimbatore,SMB,IT Services,2023-12-02
C0636,Customer_0636,Ahmedabad,SMB,Healthcare,2023-06-11
C0637,Customer_0637,Chennai,Startup,IT Services,2026-03-29
C0638,Customer_0638,Pune,Startup,Retail,2023-01-12
C0639,Customer_0639,Kolkata,SMB,Marketing,2026-01-01
C0640,Customer_0640,Ahmedabad,Mid-Market,Healthcare,2024-08-10
C0641,Customer_0641,Bengaluru,SMB,Healthcare,2023-07-20
C0642,Customer_0642,Delhi,SMB,Finance,2024-06-05
C0643,Customer_0643,Bengaluru,Startup,Finance,2024-05-19
C0644,Customer_0644,Chennai,Enterprise,IT Services,2025-02-26
C0645,Customer_0645,Bengaluru,Mid-Market,Healthcare,2025-11-28
C0646,Customer_0646,Pune,SMB,Finance,2023-03-01
C0647,Customer_0647,Coimbatore,Enterprise,Retail,2024-07-31
C0648,Customer_0648,Kochi,SMB,Finance,2023-11-17
C0649,Customer_0649,Delhi,SMB,Manufacturing,2025-07-11
C0650,Customer_0650,Bengaluru,Mid-Market,Manufacturing,2024-07-22
C0651,Customer_0651,Bengaluru,Mid-Market,Finance,2026-01-06
C0652,Customer_0652,Chennai,Mid-Market,Healthcare,2024-06-10
C0653,Customer_0653,Kochi,Startup,Marketing,2024-06-07
C0654,Customer_0654,Hyderabad,SMB,Marketing,2024-09-04
C0655,Customer_0655,Bengaluru,Enterprise,Healthcare,2026-03-25
C0656,Customer_0656,Pune,Startup,Education,2023-05-05
C0657,Customer_0657,Kolkata,SMB,Marketing,2025-05-20
C0658,Customer_0658,Delhi,SMB,Manufacturing,2023-10-07
C0659,Customer_0659,Bengaluru,SMB,Retail,2025-07-05
C0660,Customer_0660,Pune,SMB,Healthcare,2024-09-13
C0661,Customer_0661,Pune,Enterprise,IT Services,2025-04-25
C0662,Customer_0662,Delhi,Startup,Manufacturing,2024-11-04
C0663,Customer_0663,Hyderabad,Startup,Retail,2026-02-25
C0664,Customer_0664,Pune,Startup,Retail,2023-11-10
C0665,Customer_0665,Kolkata,Mid-Market,Healthcare,2023-11-28
C0666,Customer_0666,Pune,SMB,Retail,2026-03-19
C0667,Customer_0667,Pune,SMB,Healthcare,2023-02-05
C0668,Customer_0668,Pune,Mid-Market,Marketing,2025-11-11
C0669,Customer_0669,Coimbatore,Mid-Market,Finance,2023-07-25
C0670,Customer_0670,Coimbatore,Mid-Market,Manufacturing,2024-09-30
C0671,Customer_0671,Hyderabad,Enterprise,Education,2025-04-27
C0672,Customer_0672,Bengaluru,SMB,Finance,2024-03-15
C0673,Customer_0673,Pune,Mid-Market,Manufacturing,2024-12-29
C0674,Customer_0674,Kochi,SMB,Healthcare,2026-01-24
C0675,Customer_0675,Bengaluru,Mid-Market,Manufacturing,2025-07-29
C0676,Customer_0676,Hyderabad,Mid-Market,Marketing,2023-06-13
C0677,Customer_0677,Mumbai,Mid-Market,Healthcare,2023-05-28
C0678,Customer_0678,Bengaluru,Mid-Market,Finance,2023-10-21
C0679,Customer_0679,Bengaluru,Startup,IT Services,2023-07-14
C0680,Customer_0680,Ahmedabad,SMB,IT Services,2024-10-24
C0681,Customer_0681,Chennai,Enterprise,Manufacturing,2024-04-24
C0682,Customer_0682,Ahmedabad,Enterprise,IT Services,2023-05-03
C0683,Customer_0683,Kolkata,Startup,Healthcare,2024-11-29
C0684,Customer_0684,Coimbatore,Startup,Retail,2025-08-22
C0685,Customer_0685,Coimbatore,Startup,Healthcare,2024-10-22
C0686,Customer_0686,Chennai,Mid-Market,Retail,2026-02-01
C0687,Customer_0687,Delhi,Mid-Market,Finance,2024-12-10
C0688,Customer_0688,Delhi,Startup,Education,2024-01-31
C0689,Customer_0689,Hyderabad,SMB,Retail,2025-06-30
C0690,Customer_0690,Chennai,Mid-Market,IT Services,2025-10-01
C0691,Customer_0691,Bengaluru,Mid-Market,Healthcare,2026-03-11
C0692,Customer_0692,Delhi,SMB,Finance,2023-11-13
C0693,Customer_0693,Pune,SMB,IT Services,2024-11-11
C0694,Customer_0694,Kochi,SMB,Finance,2024-05-09
C0695,Customer_0695,Bengaluru,SMB,Education,2024-07-09
C0696,Customer_0696,Kolkata,SMB,Marketing,2024-09-01
C0697,Customer_0697,Pune,Mid-Market,Healthcare,2023-04-19
C0698,Customer_0698,Pune,Mid-Market,Manufacturing,2024-01-07
C0699,Customer_0699,Chennai,SMB,Healthcare,2025-05-04
C0700,Customer_0700,Hyderabad,Mid-Market,Education,2024-09-07
C0701,Customer_0701,Kolkata,Startup,Healthcare,2025-02-06
C0702,Customer_0702,Delhi,SMB,Manufacturing,2023-07-25
C0703,Customer_0703,Chennai,Startup,Retail,2025-04-26
C0704,Customer_0704,Delhi,Startup,Finance,2023-02-12
C0705,Customer_0705,Chennai,Mid-Market,Manufacturing,2025-05-14
C0706,Customer_0706,Chennai,Enterprise,IT Services,2025-02-23
C0707,Customer_0707,Chennai,Startup,Education,2024-04-20
C0708,Customer_0708,Hyderabad,SMB,Retail,2023-03-24
C0709,Customer_0709,Chennai,Mid-Market,IT Services,2026-02-07
C0710,Customer_0710,Mumbai,Startup,IT Services,2023-07-09
C0711,Customer_0711,Kochi,SMB,Education,2025-03-10
C0712,Customer_0712,Delhi,Mid-Market,Retail,2025-07-24
C0713,Customer_0713,Bengaluru,SMB,Marketing,2023-09-08
C0714,Customer_0714,Ahmedabad,Startup,IT Services,2023-10-18
C0715,Customer_0715,Kolkata,SMB,IT Services,2023-11-22
C0716,Customer_0716,Coimbatore,Mid-Market,Retail,2025-04-16
C0717,Customer_0717,Hyderabad,SMB,Healthcare,2024-05-22
C0718,Customer_0718,Bengaluru,Startup,IT Services,2024-12-31
C0719,Customer_0719,Pune,Mid-Market,Finance,2023-03-13
C0720,Customer_0720,Mumbai,Startup,Retail,2024-10-02
C0721,Customer_0721,Coimbatore,Mid-Market,IT Services,2025-07-28
C0722,Customer_0722,Ahmedabad,Startup,Education,2024-08-30
C0723,Customer_0723,Bengaluru,Enterprise,Manufacturing,2024-07-19
C0724,Customer_0724,Coimbatore,SMB,Finance,2023-02-23
C0725,Customer_0725,Bengaluru,SMB,Manufacturing,2024-06-11
C0726,Customer_0726,Mumbai,Startup,Manufacturing,2024-09-02
C0727,Customer_0727,Ahmedabad,SMB,IT Services,2023-07-12
C0728,Customer_0728,Pune,Mid-Market,Finance,2023-02-27
C0729,Customer_0729,Chennai,Enterprise,Finance,2026-02-08
C0730,Customer_0730,Delhi,SMB,Healthcare,2023-05-09
C0731,Customer_0731,Pune,SMB,Manufacturing,2024-12-06
C0732,Customer_0732,Chennai,Mid-Market,Finance,2025-05-01
C0733,Customer_0733,Hyderabad,Mid-Market,Healthcare,2023-01-08
C0734,Customer_0734,Kochi,SMB,Retail,2023-01-29
C0735,Customer_0735,Kolkata,SMB,Healthcare,2026-02-09
C0736,Customer_0736,Kolkata,SMB,Education,2025-08-04
C0737,Customer_0737,Delhi,Mid-Market,Marketing,2023-05-11
C0738,Customer_0738,Ahmedabad,Startup,IT Services,2023-07-07
C0739,Customer_0739,Mumbai,SMB,Retail,2024-12-09
C0740,Customer_0740,Ahmedabad,SMB,Marketing,2023-07-31
C0741,Customer_0741,Mumbai,Mid-Market,Marketing,2023-10-03
C0742,Customer_0742,Ahmedabad,Startup,Retail,2026-01-01
C0743,Customer_0743,Kochi,SMB,Education,2023-08-31
C0744,Customer_0744,Hyderabad,SMB,Healthcare,2026-01-30
C0745,Customer_0745,Hyderabad,SMB,IT Services,2025-09-13
C0746,Customer_0746,Chennai,Startup,Healthcare,2024-11-15
C0747,Customer_0747,Coimbatore,SMB,Finance,2023-06-20
C0748,Customer_0748,Hyderabad,SMB,Healthcare,2024-10-14
C0749,Customer_0749,Hyderabad,SMB,Retail,2023-07-07
C0750,Customer_0750,Pune,SMB,IT Services,2026-01-14
C0751,Customer_0751,Pune,Mid-Market,Healthcare,2023-02-21
C0752,Customer_0752,Chennai,Mid-Market,IT Services,2023-04-21
C0753,Customer_0753,Coimbatore,SMB,IT Services,2025-05-26
C0754,Customer_0754,Delhi,Mid-Market,Finance,2025-12-02
C0755,Customer_0755,Pune,SMB,Finance,2023-07-30
C0756,Customer_0756,Delhi,Startup,Retail,2025-05-07
C0757,Customer_0757,Bengaluru,Startup,Education,2024-09-18
C0758,Customer_0758,Pune,SMB,Marketing,2025-11-15
C0759,Customer_0759,Kochi,Mid-Market,IT Services,2023-10-26
C0760,Customer_0760,Coimbatore,Mid-Market,Education,2026-01-05
C0761,Customer_0761,Chennai,Mid-Market,Marketing,2025-07-12
C0762,Customer_0762,Bengaluru,SMB,Marketing,2023-05-17
C0763,Customer_0763,Coimbatore,SMB,Retail,2025-11-09
C0764,Customer_0764,Kochi,Startup,Marketing,2024-03-15
C0765,Customer_0765,Coimbatore,SMB,Marketing,2023-07-30
C0766,Customer_0766,Kochi,SMB,IT Services,2025-01-21
C0767,Customer_0767,Kochi,Startup,IT Services,2024-03-10
C0768,Customer_0768,Delhi,Startup,Manufacturing,2025-02-18
C0769,Customer_0769,Ahmedabad,SMB,Education,2024-03-14
C0770,Customer_0770,Bengaluru,Mid-Market,Healthcare,2024-10-27
C0771,Customer_0771,Coimbatore,Enterprise,Finance,2025-12-01
C0772,Customer_0772,Mumbai,Enterprise,Healthcare,2024-02-15
C0773,Customer_0773,Bengaluru,SMB,Education,2025-03-16
C0774,Customer_0774,Ahmedabad,SMB,Finance,2024-09-01
C0775,Customer_0775,Bengaluru,SMB,Healthcare,2024-03-02
C0776,Customer_0776,Hyderabad,Mid-Market,Manufacturing,2025-06-20
C0777,Customer_0777,Mumbai,Startup,Finance,2025-07-30
C0778,Customer_0778,Ahmedabad,SMB,IT Services,2025-01-11
C0779,Customer_0779,Delhi,Mid-Market,Healthcare,2023-11-24
C0780,Customer_0780,Coimbatore,SMB,Finance,2023-02-21
C0781,Customer_0781,Kolkata,SMB,Manufacturing,2024-01-11
C0782,Customer_0782,Ahmedabad,SMB,Marketing,2023-09-20
C0783,Customer_0783,Chennai,Startup,Finance,2023-09-24
C0784,Customer_0784,Coimbatore,SMB,Finance,2023-12-25
C0785,Customer_0785,Ahmedabad,SMB,Manufacturing,2024-10-13
C0786,Customer_0786,Hyderabad,Startup,Marketing,2023-02-15
C0787,Customer_0787,Kolkata,Startup,Healthcare,2024-08-22
C0788,Customer_0788,Hyderabad,Mid-Market,Retail,2024-12-20
C0789,Customer_0789,Kolkata,SMB,Healthcare,2024-08-23
C0790,Customer_0790,Chennai,SMB,Marketing,2024-01-16
C0791,Customer_0791,Coimbatore,SMB,Education,2023-04-28
C0792,Customer_0792,Delhi,Enterprise,Manufacturing,2023-04-26
C0793,Customer_0793,Hyderabad,SMB,Healthcare,2023-09-17
C0794,Customer_0794,Hyderabad,SMB,Finance,2026-01-03
C0795,Customer_0795,Kochi,Mid-Market,Manufacturing,2023-11-01
C0796,Customer_0796,Kolkata,Mid-Market,IT Services,2023-01-07
C0797,Customer_0797,Pune,Startup,Marketing,2024-01-01
C0798,Customer_0798,Coimbatore,Mid-Market,Healthcare,2024-06-06
C0799,Customer_0799,Kolkata,SMB,Manufacturing,2024-03-04
C0800,Customer_0800,Kochi,SMB,Healthcare,2025-03-01
C0801,Customer_0801,Bengaluru,Startup,Manufacturing,2025-01-16
C0802,Customer_0802,Kolkata,Startup,Finance,2024-01-02
C0803,Customer_0803,Delhi,Mid-Market,IT Services,2023-11-09
C0804,Customer_0804,Coimbatore,SMB,IT Services,2024-06-21
C0805,Customer_0805,Kochi,SMB,Education,2025-07-09
C0806,Customer_0806,Bengaluru,Mid-Market,Manufacturing,2025-12-13
C0807,Customer_0807,Mumbai,Mid-Market,Healthcare,2025-05-14
C0808,Customer_0808,Kochi,Startup,IT Services,2026-04-02
C0809,Customer_0809,Mumbai,SMB,Marketing,2025-02-20
C0810,Customer_0810,Coimbatore,Startup,IT Services,2023-11-30
C0811,Customer_0811,Hyderabad,Mid-Market,Retail,2025-03-08
C0812,Customer_0812,Kochi,Mid-Market,Retail,2023-12-14
C0813,Customer_0813,Chennai,Enterprise,IT Services,2023-09-30
C0814,Customer_0814,Mumbai,Startup,Manufacturing,2025-08-20
C0815,Customer_0815,Delhi,Startup,Education,2024-12-20
C0816,Customer_0816,Chennai,SMB,IT Services,2024-05-14
C0817,Customer_0817,Ahmedabad,SMB,Finance,2026-01-21
C0818,Customer_0818,Ahmedabad,Startup,Healthcare,2024-11-15
C0819,Customer_0819,Bengaluru,Enterprise,Education,2023-03-20
C0820,Customer_0820,Hyderabad,Startup,Finance,2024-09-13
C0821,Customer_0821,Coimbatore,SMB,Education,2025-08-04
C0822,Customer_0822,Kochi,Mid-Market,Finance,2023-12-24
C0823,Customer_0823,Pune,SMB,Healthcare,2024-09-09
C0824,Customer_0824,Delhi,Mid-Market,Healthcare,2024-05-21
C0825,Customer_0825,Mumbai,Startup,Retail,2024-07-29
C0826,Customer_0826,Coimbatore,SMB,Manufacturing,2023-09-01
C0827,Customer_0827,Chennai,Startup,Finance,2024-05-20
C0828,Customer_0828,Ahmedabad,Startup,Retail,2024-02-26
C0829,Customer_0829,Delhi,Enterprise,Finance,2026-01-15
C0830,Customer_0830,Pune,Startup,Retail,2023-08-05
C0831,Customer_0831,Kochi,SMB,Healthcare,2025-10-05
C0832,Customer_0832,Bengaluru,SMB,Education,2026-04-07
C0833,Customer_0833,Pune,SMB,Marketing,2023-11-26
C0834,Customer_0834,Delhi,Mid-Market,Retail,2024-10-11
C0835,Customer_0835,Pune,Startup,Finance,2024-01-26
C0836,Customer_0836,Delhi,Mid-Market,Finance,2024-01-16
C0837,Customer_0837,Delhi,Enterprise,Marketing,2025-01-11
C0838,Customer_0838,Kolkata,SMB,Manufacturing,2025-03-30
C0839,Customer_0839,Mumbai,Enterprise,Healthcare,2024-11-03
C0840,Customer_0840,Ahmedabad,Startup,Finance,2024-05-27
C0841,Customer_0841,Kolkata,SMB,IT Services,2025-08-06
C0842,Customer_0842,Kochi,SMB,Education,2025-07-18
C0843,Customer_0843,Kolkata,Mid-Market,Retail,2025-07-01
C0844,Customer_0844,Hyderabad,Enterprise,Manufacturing,2024-10-05
C0845,Customer_0845,Hyderabad,SMB,Marketing,2024-03-02
C0846,Customer_0846,Ahmedabad,Mid-Market,Education,2024-05-16
C0847,Customer_0847,Pune,Startup,Healthcare,2024-12-30
C0848,Customer_0848,Mumbai,SMB,Manufacturing,2023-03-12
C0849,Customer_0849,Ahmedabad,SMB,Retail,2024-04-22
C0850,Customer_0850,Delhi,Enterprise,Retail,2024-04-01
C0851,Customer_0851,Chennai,SMB,Marketing,2023-07-08
C0852,Customer_0852,Mumbai,SMB,IT Services,2023-10-18
C0853,Customer_0853,Mumbai,Startup,Marketing,2025-07-08
C0854,Customer_0854,Delhi,Startup,Healthcare,2023-10-19
C0855,Customer_0855,Delhi,Startup,Manufacturing,2025-01-25
C0856,Customer_0856,Bengaluru,SMB,Manufacturing,2024-01-12
C0857,Customer_0857,Ahmedabad,Mid-Market,Finance,2026-03-25
C0858,Customer_0858,Delhi,SMB,IT Services,2024-05-22
C0859,Customer_0859,Hyderabad,SMB,IT Services,2024-06-11
C0860,Customer_0860,Kochi,Startup,Manufacturing,2024-07-12
C0861,Customer_0861,Chennai,Mid-Market,Manufacturing,2025-11-20
C0862,Customer_0862,Ahmedabad,Mid-Market,Education,2023-09-17
C0863,Customer_0863,Coimbatore,Startup,Education,2024-02-25
C0864,Customer_0864,Hyderabad,Mid-Market,Education,2023-10-31
C0865,Customer_0865,Pune,SMB,IT Services,2025-07-30
C0866,Customer_0866,Delhi,Startup,Finance,2025-11-28
C0867,Customer_0867,Coimbatore,SMB,Retail,2024-06-25
C0868,Customer_0868,Delhi,SMB,Education,2025-12-25
C0869,Customer_0869,Mumbai,Startup,Finance,2023-04-18
C0870,Customer_0870,Hyderabad,Enterprise,Marketing,2023-09-25
C0871,Customer_0871,Mumbai,Mid-Market,Healthcare,2023-08-10
C0872,Customer_0872,Bengaluru,Mid-Market,Education,2026-01-18
C0873,Customer_0873,Mumbai,SMB,Marketing,2024-11-23
C0874,Customer_0874,Bengaluru,SMB,Retail,2023-09-12
C0875,Customer_0875,Bengaluru,Mid-Market,Healthcare,2023-09-10
C0876,Customer_0876,Coimbatore,SMB,Healthcare,2023-09-14
C0877,Customer_0877,Delhi,Startup,Retail,2024-01-18
C0878,Customer_0878,Pune,SMB,Education,2024-03-17
C0879,Customer_0879,Mumbai,Mid-Market,IT Services,2024-08-21
C0880,Customer_0880,Hyderabad,SMB,Retail,2026-01-18
C0881,Customer_0881,Bengaluru,Startup,Retail,2024-01-25
C0882,Customer_0882,Delhi,Mid-Market,Retail,2024-08-04
C0883,Customer_0883,Chennai,Startup,Healthcare,2025-12-03
C0884,Customer_0884,Ahmedabad,SMB,Finance,2024-08-20
C0885,Customer_0885,Coimbatore,Startup,Marketing,2023-01-19
C0886,Customer_0886,Pune,SMB,IT Services,2026-01-29
C0887,Customer_0887,Kolkata,Mid-Market,Education,2024-08-29
C0888,Customer_0888,Coimbatore,SMB,Education,2023-02-02
C0889,Customer_0889,Chennai,Startup,Marketing,2025-05-11
C0890,Customer_0890,Ahmedabad,Mid-Market,Finance,2023-06-04
C0891,Customer_0891,Chennai,Mid-Market,Retail,2025-06-23
C0892,Customer_0892,Mumbai,Mid-Market,IT Services,2024-02-09
C0893,Customer_0893,Bengaluru,Startup,Education,2025-04-23
C0894,Customer_0894,Pune,SMB,Marketing,2026-03-30
C0895,Customer_0895,Kochi,Enterprise,Manufacturing,2025-01-16
C0896,Customer_0896,Bengaluru,Mid-Market,Marketing,2026-02-14
C0897,Customer_0897,Kochi,Startup,Education,2023-09-28
C0898,Customer_0898,Ahmedabad,Startup,Retail,2025-02-08
C0899,Customer_0899,Delhi,SMB,Manufacturing,2023-06-21
C0900,Customer_0900,Kolkata,Enterprise,Finance,2023-10-01
C0901,Customer_0901,Hyderabad,SMB,IT Services,2023-09-16
C0902,Customer_0902,Bengaluru,SMB,Finance,2026-03-04
C0903,Customer_0903,Pune,Startup,Finance,2024-02-26
C0904,Customer_0904,Chennai,Mid-Market,Marketing,2023-12-30
C0905,Customer_0905,Pune,Mid-Market,IT Services,2024-01-13
C0906,Customer_0906,Ahmedabad,SMB,IT Services,2024-08-02
C0907,Customer_0907,Kochi,Mid-Market,Education,2025-06-09
C0908,Customer_0908,Chennai,Enterprise,Education,2024-12-22
C0909,Customer_0909,Hyderabad,Startup,IT Services,2025-05-30
C0910,Customer_0910,Hyderabad,SMB,Manufacturing,2026-01-26
C0911,Customer_0911,Bengaluru,SMB,Healthcare,2024-08-27
C0912,Customer_0912,Ahmedabad,Mid-Market,Education,2023-01-22
C0913,Customer_0913,Delhi,SMB,Healthcare,2026-04-10
C0914,Customer_0914,Ahmedabad,SMB,Marketing,2024-01-18
C0915,Customer_0915,Kochi,Mid-Market,Manufacturing,2023-05-14
C0916,Customer_0916,Pune,SMB,IT Services,2025-11-14
C0917,Customer_0917,Hyderabad,Enterprise,Manufacturing,2024-05-17
C0918,Customer_0918,Pune,SMB,Education,2026-01-13
C0919,Customer_0919,Pune,Startup,Finance,2023-05-24
C0920,Customer_0920,Pune,Mid-Market,Marketing,2023-08-12
C0921,Customer_0921,Hyderabad,Mid-Market,IT Services,2023-08-08
C0922,Customer_0922,Coimbatore,SMB,Retail,2023-06-28
C0923,Customer_0923,Mumbai,Mid-Market,Marketing,2024-03-08
C0924,Customer_0924,Kochi,Enterprise,Healthcare,2023-09-22
C0925,Customer_0925,Coimbatore,SMB,Manufacturing,2025-08-11
C0926,Customer_0926,Kochi,Enterprise,IT Services,2024-03-04
C0927,Customer_0927,Chennai,Startup,Marketing,2024-02-20
C0928,Customer_0928,Ahmedabad,Startup,Manufacturing,2024-12-27
C0929,Customer_0929,Ahmedabad,Startup,IT Services,2023-07-16
C0930,Customer_0930,Kolkata,Mid-Market,Education,2025-12-12
C0931,Customer_0931,Ahmedabad,Mid-Market,Marketing,2024-04-24
C0932,Customer_0932,Hyderabad,Startup,Education,2025-06-08
C0933,Customer_0933,Delhi,SMB,Marketing,2025-07-13
C0934,Customer_0934,Bengaluru,SMB,Education,2023-05-03
C0935,Customer_0935,Kolkata,Startup,Manufacturing,2025-02-16
C0936,Customer_0936,Bengaluru,Mid-Market,Retail,2023-12-14
C0937,Customer_0937,Kochi,Mid-Market,Marketing,2023-01-29
C0938,Customer_0938,Bengaluru,SMB,Marketing,2025-09-01
C0939,Customer_0939,Bengaluru,Enterprise,Education,2023-02-04
C0940,Customer_0940,Kolkata,SMB,IT Services,2024-09-14
C0941,Customer_0941,Chennai,Enterprise,Marketing,2024-08-11
C0942,Customer_0942,Pune,Mid-Market,Education,2026-03-16
C0943,Customer_0943,Ahmedabad,SMB,Finance,2025-12-26
C0944,Customer_0944,Ahmedabad,Startup,Education,2025-06-22
C0945,Customer_0945,Hyderabad,Mid-Market,Manufacturing,2024-06-03
C0946,Customer_0946,Kolkata,SMB,Retail,2023-05-02
C0947,Customer_0947,Hyderabad,Startup,Finance,2023-12-06
C0948,Customer_0948,Delhi,Startup,Manufacturing,2023-06-24
C0949,Customer_0949,Delhi,SMB,Manufacturing,2024-08-19
C0950,Customer_0950,Hyderabad,SMB,Manufacturing,2024-03-26
C0951,Customer_0951,Kolkata,Mid-Market,IT Services,2024-07-10
C0952,Customer_0952,Hyderabad,Mid-Market,Manufacturing,2026-03-05
C0953,Customer_0953,Ahmedabad,Startup,IT Services,2025-11-05
C0954,Customer_0954,Coimbatore,Mid-Market,Manufacturing,2023-01-09
C0955,Customer_0955,Mumbai,Startup,Healthcare,2023-11-30
C0956,Customer_0956,Bengaluru,Mid-Market,Finance,2025-10-13
C0957,Customer_0957,Mumbai,Mid-Market,Healthcare,2023-11-23
C0958,Customer_0958,Kolkata,SMB,Manufacturing,2023-01-15
C0959,Customer_0959,Mumbai,Mid-Market,Finance,2025-04-18
C0960,Customer_0960,Delhi,SMB,Finance,2023-08-14
C0961,Customer_0961,Kochi,SMB,Marketing,2023-04-23
C0962,Customer_0962,Bengaluru,Mid-Market,Retail,2023-01-01
C0963,Customer_0963,Pune,SMB,Healthcare,2023-09-23
C0964,Customer_0964,Kolkata,SMB,Retail,2025-08-09
C0965,Customer_0965,Bengaluru,SMB,Finance,2023-11-02
C0966,Customer_0966,Mumbai,Mid-Market,IT Services,2023-01-12
C0967,Customer_0967,Delhi,SMB,Finance,2025-07-25
C0968,Customer_0968,Chennai,Startup,Retail,2024-02-24
C0969,Customer_0969,Coimbatore,Mid-Market,Healthcare,2025-06-07
C0970,Customer_0970,Pune,Mid-Market,Manufacturing,2023-06-20
C0971,Customer_0971,Coimbatore,Startup,Marketing,2023-05-14
C0972,Customer_0972,Bengaluru,Startup,Marketing,2025-08-22
C0973,Customer_0973,Delhi,Startup,Marketing,2025-11-14
C0974,Customer_0974,Delhi,SMB,Manufacturing,2026-03-10
C0975,Customer_0975,Mumbai,SMB,Marketing,2024-10-19
C0976,Customer_0976,Ahmedabad,Mid-Market,Healthcare,2026-01-20
C0977,Customer_0977,Mumbai,Mid-Market,Manufacturing,2023-06-28
C0978,Customer_0978,Ahmedabad,SMB,Marketing,2025-12-15
C0979,Customer_0979,Ahmedabad,SMB,Manufacturing,2026-03-24
C0980,Customer_0980,Pune,Mid-Market,Retail,2023-04-21
C0981,Customer_0981,Mumbai,SMB,Healthcare,2023-05-17
C0982,Customer_0982,Chennai,Enterprise,Education,2023-08-20
C0983,Customer_0983,Hyderabad,SMB,IT Services,2025-09-18
C0984,Customer_0984,Hyderabad,Startup,Marketing,2024-04-12
C0985,Customer_0985,Mumbai,Mid-Market,IT Services,2025-01-01
C0986,Customer_0986,Mumbai,SMB,Manufacturing,2024-04-25
C0987,Customer_0987,Coimbatore,Mid-Market,IT Services,2025-12-27
C0988,Customer_0988,Pune,Startup,Healthcare,2025-03-24
C0989,Customer_0989,Mumbai,Startup,Healthcare,2025-09-20
C0990,Customer_0990,Coimbatore,Mid-Market,Finance,2023-11-19
C0991,Customer_0991,Ahmedabad,Startup,Marketing,2025-07-10
C0992,Customer_0992,Delhi,Mid-Market,Finance,2025-06-22
C0993,Customer_0993,Delhi,SMB,IT Services,2024-08-28
C0994,Customer_0994,Ahmedabad,SMB,Education,2024-03-04
C0995,Customer_0995,Kolkata,Mid-Market,Finance,2023-05-28
C0996,Customer_0996,Coimbatore,SMB,Finance,2026-02-15
C0997,Customer_0997,Coimbatore,SMB,Healthcare,2025-04-29
C0998,Customer_0998,Ahmedabad,Startup,Education,2024-01-02
C0999,Customer_0999,Chennai,Startup,Manufacturing,2025-04-29
C1000,Customer_1000,Kochi,SMB,IT Services,2025-12-25
C1001,Customer_1001,Bengaluru,Mid-Market,Finance,2025-03-23
C1002,Customer_1002,Ahmedabad,Enterprise,Education,2023-06-24
C1003,Customer_1003,Mumbai,Mid-Market,Marketing,2024-08-10
C1004,Customer_1004,Mumbai,Mid-Market,Education,2024-05-09
C1005,Customer_1005,Pune,Mid-Market,IT Services,2025-08-30
C1006,Customer_1006,Ahmedabad,Mid-Market,Education,2026-02-11
C1007,Customer_1007,Pune,SMB,Education,2026-02-08
C1008,Customer_1008,Ahmedabad,Enterprise,Education,2026-03-16
C1009,Customer_1009,Coimbatore,Mid-Market,Marketing,2023-02-04
C1010,Customer_1010,Bengaluru,SMB,Finance,2025-09-25
C1011,Customer_1011,Coimbatore,Startup,IT Services,2024-06-21
C1012,Customer_1012,Kochi,SMB,Marketing,2025-01-19
C1013,Customer_1013,Delhi,SMB,Education,2025-11-03
C1014,Customer_1014,Hyderabad,Mid-Market,Education,2024-01-09
C1015,Customer_1015,Ahmedabad,SMB,Finance,2024-07-10
C1016,Customer_1016,Kochi,SMB,IT Services,2023-08-21
C1017,Customer_1017,Delhi,Enterprise,Healthcare,2024-12-05
C1018,Customer_1018,Kolkata,Startup,Marketing,2024-07-16
C1019,Customer_1019,Bengaluru,SMB,Finance,2025-07-27
C1020,Customer_1020,Pune,Startup,IT Services,2025-06-05
C1021,Customer_1021,Pune,Mid-Market,Marketing,2024-12-26
C1022,Customer_1022,Coimbatore,Enterprise,Education,2023-03-17
C1023,Customer_1023,Mumbai,SMB,IT Services,2024-03-14
C1024,Customer_1024,Delhi,Mid-Market,IT Services,2024-11-29
C1025,Customer_1025,Kolkata,SMB,Manufacturing,2025-07-03
C1026,Customer_1026,Kochi,Enterprise,IT Services,2025-06-09
C1027,Customer_1027,Bengaluru,Mid-Market,Healthcare,2024-11-22
C1028,Customer_1028,Delhi,Mid-Market,IT Services,2023-09-10
C1029,Customer_1029,Kolkata,Startup,Healthcare,2026-02-23
C1030,Customer_1030,Hyderabad,Enterprise,Education,2025-11-26
C1031,Customer_1031,Ahmedabad,Mid-Market,Healthcare,2024-02-14
C1032,Customer_1032,Pune,SMB,Marketing,2023-05-07
C1033,Customer_1033,Kochi,Mid-Market,Education,2026-04-06
C1034,Customer_1034,Pune,SMB,Education,2024-08-14
C1035,Customer_1035,Kochi,Mid-Market,Healthcare,2023-10-21
C1036,Customer_1036,Coimbatore,Startup,Finance,2025-10-16
C1037,Customer_1037,Mumbai,Mid-Market,Retail,2023-11-06
C1038,Customer_1038,Kochi,SMB,IT Services,2024-10-23
C1039,Customer_1039,Pune,Startup,Manufacturing,2024-06-11
C1040,Customer_1040,Coimbatore,Startup,Retail,2024-06-23
C1041,Customer_1041,Kochi,Startup,IT Services,2024-02-23
C1042,Customer_1042,Hyderabad,SMB,IT Services,2024-03-19
C1043,Customer_1043,Mumbai,SMB,Education,2024-11-15
C1044,Customer_1044,Kochi,SMB,IT Services,2025-04-19
C1045,Customer_1045,Coimbatore,SMB,Manufacturing,2023-08-24
C1046,Customer_1046,Delhi,SMB,IT Services,2023-08-02
C1047,Customer_1047,Chennai,Mid-Market,Healthcare,2023-03-26
C1048,Customer_1048,Kolkata,Startup,Retail,2025-03-04
C1049,Customer_1049,Chennai,Enterprise,Healthcare,2023-03-26
C1050,Customer_1050,Chennai,Mid-Market,Manufacturing,2023-03-06
C1051,Customer_1051,Bengaluru,Mid-Market,IT Services,2024-10-24
C1052,Customer_1052,Hyderabad,SMB,Marketing,2024-09-18
C1053,Customer_1053,Delhi,Mid-Market,Manufacturing,2023-03-05
C1054,Customer_1054,Ahmedabad,Startup,Education,2025-07-27
C1055,Customer_1055,Kochi,Startup,Healthcare,2025-07-07
C1056,Customer_1056,Kolkata,Startup,Healthcare,2026-03-27
C1057,Customer_1057,Mumbai,Mid-Market,Finance,2024-05-05
C1058,Customer_1058,Delhi,Startup,IT Services,2023-11-09
C1059,Customer_1059,Pune,SMB,Education,2024-09-06
C1060,Customer_1060,Ahmedabad,Enterprise,Marketing,2025-07-07
C1061,Customer_1061,Bengaluru,Mid-Market,Healthcare,2025-03-23
C1062,Customer_1062,Bengaluru,SMB,Healthcare,2025-07-28
C1063,Customer_1063,Delhi,Startup,Education,2026-01-16
C1064,Customer_1064,Coimbatore,Mid-Market,Manufacturing,2024-11-10
C1065,Customer_1065,Chennai,SMB,Manufacturing,2024-03-10
C1066,Customer_1066,Pune,Startup,IT Services,2024-11-12
C1067,Customer_1067,Bengaluru,Startup,Finance,2026-03-04
C1068,Customer_1068,Kolkata,Enterprise,Healthcare,2025-12-09
C1069,Customer_1069,Bengaluru,Mid-Market,Finance,2023-12-06
C1070,Customer_1070,Mumbai,Mid-Market,Manufacturing,2023-12-13
C1071,Customer_1071,Kochi,Mid-Market,Manufacturing,2024-10-07
C1072,Customer_1072,Bengaluru,SMB,Retail,2024-10-10
C1073,Customer_1073,Mumbai,SMB,Marketing,2023-09-02
C1074,Customer_1074,Delhi,SMB,IT Services,2023-04-19
C1075,Customer_1075,Delhi,SMB,Retail,2024-06-16
C1076,Customer_1076,Ahmedabad,SMB,Marketing,2026-01-18
C1077,Customer_1077,Bengaluru,Mid-Market,Retail,2023-10-23
C1078,Customer_1078,Kolkata,SMB,Retail,2023-04-22
C1079,Customer_1079,Bengaluru,Mid-Market,IT Services,2023-12-09
C1080,Customer_1080,Kolkata,SMB,IT Services,2023-04-11
C1081,Customer_1081,Hyderabad,SMB,Education,2024-09-20
C1082,Customer_1082,Ahmedabad,SMB,Finance,2023-01-28
C1083,Customer_1083,Hyderabad,SMB,Finance,2025-07-25
C1084,Customer_1084,Bengaluru,Mid-Market,Education,2023-02-27
C1085,Customer_1085,Ahmedabad,Startup,Education,2023-10-24
C1086,Customer_1086,Hyderabad,SMB,Manufacturing,2023-05-14
C1087,Customer_1087,Chennai,Startup,Marketing,2023-09-06
C1088,Customer_1088,Bengaluru,SMB,Retail,2025-10-17
C1089,Customer_1089,Hyderabad,SMB,Education,2024-07-03
C1090,Customer_1090,Chennai,Mid-Market,Healthcare,2025-06-20
C1091,Customer_1091,Chennai,Enterprise,Finance,2026-01-03
C1092,Customer_1092,Delhi,SMB,Education,2025-04-13
C1093,Customer_1093,Bengaluru,Mid-Market,Healthcare,2026-04-06
C1094,Customer_1094,Chennai,SMB,Healthcare,2025-02-09
C1095,Customer_1095,Delhi,SMB,Healthcare,2023-05-26
C1096,Customer_1096,Hyderabad,Startup,Manufacturing,2025-06-11
C1097,Customer_1097,Mumbai,SMB,Manufacturing,2023-12-10
C1098,Customer_1098,Bengaluru,SMB,Healthcare,2025-11-24
C1099,Customer_1099,Ahmedabad,SMB,Marketing,2024-12-02
C1100,Customer_1100,Kolkata,Startup,Manufacturing,2023-01-01
C1101,Customer_1101,Kolkata,Startup,Retail,2023-06-02
C1102,Customer_1102,Hyderabad,SMB,Healthcare,2024-03-04
C1103,Customer_1103,Coimbatore,Enterprise,Retail,2024-05-22
C1104,Customer_1104,Coimbatore,SMB,Retail,2026-02-23
C1105,Customer_1105,Hyderabad,SMB,Healthcare,2024-05-05
C1106,Customer_1106,Chennai,Startup,Finance,2023-12-11
C1107,Customer_1107,Bengaluru,SMB,Marketing,2023-08-09
C1108,Customer_1108,Kolkata,SMB,Healthcare,2024-12-23
C1109,Customer_1109,Kolkata,Startup,Healthcare,2025-11-14
C1110,Customer_1110,Chennai,SMB,Manufacturing,2024-06-11
C1111,Customer_1111,Kolkata,Startup,Healthcare,2025-04-20
C1112,Customer_1112,Ahmedabad,Startup,Finance,2025-12-01
C1113,Customer_1113,Bengaluru,Startup,Manufacturing,2024-04-25
C1114,Customer_1114,Kochi,Startup,IT Services,2025-07-18
C1115,Customer_1115,Kolkata,Startup,IT Services,2025-05-21
C1116,Customer_1116,Hyderabad,SMB,Retail,2023-12-11
C1117,Customer_1117,Ahmedabad,Mid-Market,Marketing,2023-02-14
C1118,Customer_1118,Kolkata,SMB,Retail,2023-01-21
C1119,Customer_1119,Ahmedabad,SMB,Finance,2025-12-29
C1120,Customer_1120,Delhi,SMB,Education,2025-05-22
C1121,Customer_1121,Kochi,Enterprise,Marketing,2023-02-17
C1122,Customer_1122,Pune,SMB,IT Services,2024-07-04
C1123,Customer_1123,Hyderabad,Startup,Retail,2023-10-14
C1124,Customer_1124,Hyderabad,SMB,IT Services,2025-09-28
C1125,Customer_1125,Bengaluru,Startup,Finance,2025-10-30
C1126,Customer_1126,Ahmedabad,SMB,Finance,2024-06-25
C1127,Customer_1127,Chennai,SMB,Education,2025-01-25
C1128,Customer_1128,Hyderabad,Mid-Market,Education,2023-10-01
C1129,Customer_1129,Ahmedabad,SMB,Manufacturing,2025-08-13
C1130,Customer_1130,Ahmedabad,Mid-Market,Marketing,2024-08-22
C1131,Customer_1131,Mumbai,Enterprise,Finance,2024-01-16
C1132,Customer_1132,Mumbai,Startup,Retail,2024-04-23
C1133,Customer_1133,Pune,SMB,IT Services,2023-01-15
C1134,Customer_1134,Delhi,SMB,Healthcare,2024-05-30
C1135,Customer_1135,Pune,SMB,Education,2023-07-10
C1136,Customer_1136,Kolkata,SMB,Healthcare,2026-04-06
C1137,Customer_1137,Chennai,Enterprise,Retail,2024-09-12
C1138,Customer_1138,Kolkata,Mid-Market,Education,2026-03-06
C1139,Customer_1139,Coimbatore,SMB,Healthcare,2023-06-03
C1140,Customer_1140,Kolkata,SMB,Marketing,2023-09-29
C1141,Customer_1141,Bengaluru,Mid-Market,Retail,2023-05-23
C1142,Customer_1142,Kolkata,Enterprise,IT Services,2025-12-28
C1143,Customer_1143,Pune,Mid-Market,Marketing,2023-09-04
C1144,Customer_1144,Hyderabad,Startup,Retail,2025-02-26
C1145,Customer_1145,Hyderabad,SMB,Manufacturing,2023-03-20
C1146,Customer_1146,Mumbai,Startup,Education,2024-09-14
C1147,Customer_1147,Chennai,SMB,Finance,2024-06-08
C1148,Customer_1148,Chennai,Startup,IT Services,2025-02-10
C1149,Customer_1149,Bengaluru,SMB,Marketing,2025-07-26
C1150,Customer_1150,Pune,Mid-Market,Marketing,2026-01-23
C1151,Customer_1151,Mumbai,Startup,Healthcare,2024-09-08
C1152,Customer_1152,Coimbatore,SMB,Education,2025-10-28
C1153,Customer_1153,Chennai,SMB,Finance,2023-03-08
C1154,Customer_1154,Hyderabad,SMB,Retail,2023-07-10
C1155,Customer_1155,Kolkata,Startup,Finance,2025-02-06
C1156,Customer_1156,Kolkata,SMB,Education,2024-06-04
C1157,Customer_1157,Mumbai,Mid-Market,Education,2025-09-16
C1158,Customer_1158,Pune,Startup,Manufacturing,2026-02-14
C1159,Customer_1159,Pune,Startup,Manufacturing,2023-09-24
C1160,Customer_1160,Delhi,SMB,Finance,2024-04-29
C1161,Customer_1161,Kochi,Enterprise,Retail,2026-04-02
C1162,Customer_1162,Chennai,Mid-Market,Finance,2024-01-11
C1163,Customer_1163,Pune,Mid-Market,Education,2024-10-14
C1164,Customer_1164,Hyderabad,SMB,Education,2024-07-02
C1165,Customer_1165,Mumbai,SMB,Healthcare,2026-01-02
C1166,Customer_1166,Coimbatore,Startup,Manufacturing,2023-03-14
C1167,Customer_1167,Delhi,SMB,Healthcare,2023-11-04
C1168,Customer_1168,Ahmedabad,Enterprise,IT Services,2023-07-18
C1169,Customer_1169,Bengaluru,SMB,Education,2026-02-27
C1170,Customer_1170,Coimbatore,Mid-Market,Healthcare,2024-07-25
C1171,Customer_1171,Ahmedabad,Mid-Market,Finance,2025-03-01
C1172,Customer_1172,Kolkata,Startup,Manufacturing,2026-03-20
C1173,Customer_1173,Bengaluru,Enterprise,Manufacturing,2023-06-28
C1174,Customer_1174,Chennai,Startup,Retail,2023-07-16
C1175,Customer_1175,Hyderabad,SMB,Finance,2025-01-04
C1176,Customer_1176,Bengaluru,Startup,Retail,2023-03-30
C1177,Customer_1177,Kochi,Startup,Healthcare,2025-03-09
C1178,Customer_1178,Ahmedabad,SMB,Marketing,2025-02-26
C1179,Customer_1179,Chennai,SMB,IT Services,2025-01-17
C1180,Customer_1180,Kochi,SMB,Finance,2023-07-28
C1181,Customer_1181,Kolkata,SMB,Finance,2024-05-07
C1182,Customer_1182,Kochi,Startup,Finance,2026-02-27
C1183,Customer_1183,Delhi,Startup,Retail,2024-10-26
C1184,Customer_1184,Delhi,SMB,Healthcare,2025-11-02
C1185,Customer_1185,Mumbai,SMB,Finance,2025-05-20
C1186,Customer_1186,Coimbatore,Mid-Market,Marketing,2025-01-01
C1187,Customer_1187,Coimbatore,Mid-Market,Finance,2026-02-03
C1188,Customer_1188,Chennai,Mid-Market,Manufacturing,2024-11-28
C1189,Customer_1189,Kolkata,Mid-Market,IT Services,2026-01-27
C1190,Customer_1190,Pune,SMB,Manufacturing,2024-08-16
C1191,Customer_1191,Delhi,Mid-Market,Manufacturing,2025-06-04
C1192,Customer_1192,Chennai,SMB,IT Services,2025-05-01
C1193,Customer_1193,Pune,SMB,Marketing,2023-11-21
C1194,Customer_1194,Coimbatore,Mid-Market,Healthcare,2025-09-05
C1195,Customer_1195,Mumbai,SMB,Manufacturing,2025-08-13
C1196,Customer_1196,Kochi,Mid-Market,Healthcare,2025-06-12
C1197,Customer_1197,Delhi,Mid-Market,Manufacturing,2023-05-24
C1198,Customer_1198,Chennai,Mid-Market,Education,2024-01-19
C1199,Customer_1199,Bengaluru,Enterprise,IT Services,2023-08-04
C1200,Customer_1200,Pune,SMB,Manufacturing,2023-11-20
C1201,Customer_1201,Kochi,SMB,Education,2025-11-04
C1202,Customer_1202,Delhi,SMB,Retail,2023-08-05
C1203,Customer_1203,Coimbatore,SMB,Education,2025-08-08
C1204,Customer_1204,Kolkata,SMB,Finance,2023-07-02
C1205,Customer_1205,Pune,Mid-Market,Manufacturing,2023-09-27
C1206,Customer_1206,Coimbatore,Mid-Market,Education,2025-08-02
C1207,Customer_1207,Delhi,SMB,Healthcare,2025-05-19
C1208,Customer_1208,Pune,Startup,Retail,2024-04-11
C1209,Customer_1209,Kochi,SMB,Marketing,2023-11-01
C1210,Customer_1210,Delhi,Startup,Manufacturing,2026-03-13
C1211,Customer_1211,Ahmedabad,Mid-Market,Finance,2023-04-21
C1212,Customer_1212,Chennai,SMB,Marketing,2025-10-10
C1213,Customer_1213,Kochi,Startup,Education,2023-08-20
C1214,Customer_1214,Pune,Startup,Marketing,2024-08-17
C1215,Customer_1215,Kolkata,SMB,Marketing,2023-06-22
C1216,Customer_1216,Coimbatore,SMB,Retail,2025-08-30
C1217,Customer_1217,Bengaluru,SMB,Marketing,2025-10-27
C1218,Customer_1218,Coimbatore,Startup,Marketing,2026-03-24
C1219,Customer_1219,Pune,SMB,Manufacturing,2024-06-29
C1220,Customer_1220,Coimbatore,SMB,Retail,2024-07-01
C1221,Customer_1221,Chennai,Mid-Market,Finance,2024-06-01
C1222,Customer_1222,Delhi,SMB,Education,2025-07-02
C1223,Customer_1223,Bengaluru,SMB,Retail,2023-08-03
C1224,Customer_1224,Hyderabad,Startup,Retail,2023-05-14
C1225,Customer_1225,Pune,Enterprise,IT Services,2023-10-12
C1226,Customer_1226,Mumbai,SMB,Retail,2026-02-23
C1227,Customer_1227,Hyderabad,Mid-Market,IT Services,2024-11-16
C1228,Customer_1228,Coimbatore,Startup,Education,2026-03-21
C1229,Customer_1229,Pune,SMB,Marketing,2023-11-27
C1230,Customer_1230,Ahmedabad,Startup,Manufacturing,2026-02-12
C1231,Customer_1231,Mumbai,SMB,Manufacturing,2025-06-12
C1232,Customer_1232,Bengaluru,Enterprise,Education,2025-06-17
C1233,Customer_1233,Kolkata,SMB,Education,2026-01-03
C1234,Customer_1234,Ahmedabad,Startup,Healthcare,2026-04-04
C1235,Customer_1235,Hyderabad,Startup,Marketing,2023-03-19
C1236,Customer_1236,Delhi,SMB,Education,2025-08-04
C1237,Customer_1237,Chennai,Startup,Retail,2024-11-18
C1238,Customer_1238,Kolkata,Startup,Manufacturing,2023-01-21
C1239,Customer_1239,Ahmedabad,Mid-Market,Finance,2024-07-19
C1240,Customer_1240,Delhi,SMB,Manufacturing,2025-04-06
C1241,Customer_1241,Delhi,SMB,IT Services,2023-06-28
C1242,Customer_1242,Pune,Enterprise,Manufacturing,2026-02-09
C1243,Customer_1243,Ahmedabad,Startup,Healthcare,2025-12-18
C1244,Customer_1244,Bengaluru,Enterprise,Marketing,2025-06-23
C1245,Customer_1245,Coimbatore,SMB,Education,2024-10-30
C1246,Customer_1246,Mumbai,Mid-Market,Marketing,2023-07-10
C1247,Customer_1247,Mumbai,SMB,Education,2024-12-08
C1248,Customer_1248,Hyderabad,Mid-Market,Manufacturing,2025-11-24
C1249,Customer_1249,Hyderabad,Enterprise,Finance,2024-01-14
C1250,Customer_1250,Mumbai,SMB,Finance,2024-01-22
C1251,Customer_1251,Bengaluru,Enterprise,Healthcare,2023-08-25
C1252,Customer_1252,Chennai,SMB,IT Services,2024-09-07
C1253,Customer_1253,Kochi,SMB,Manufacturing,2023-10-10
C1254,Customer_1254,Coimbatore,SMB,Education,2023-01-01
C1255,Customer_1255,Chennai,SMB,Manufacturing,2024-04-08
C1256,Customer_1256,Pune,Startup,Healthcare,2025-08-24
C1257,Customer_1257,Kochi,SMB,Retail,2023-06-21
C1258,Customer_1258,Kochi,SMB,Retail,2026-01-15
C1259,Customer_1259,Ahmedabad,Mid-Market,Healthcare,2026-02-20
C1260,Customer_1260,Bengaluru,Mid-Market,Education,2025-04-22
C1261,Customer_1261,Bengaluru,SMB,Marketing,2024-11-20
C1262,Customer_1262,Kochi,SMB,Healthcare,2024-07-28
C1263,Customer_1263,Ahmedabad,SMB,Education,2023-06-14
C1264,Customer_1264,Coimbatore,Startup,Finance,2024-01-18
C1265,Customer_1265,Kochi,Startup,Healthcare,2023-07-28
C1266,Customer_1266,Kolkata,SMB,Education,2023-08-12
C1267,Customer_1267,Hyderabad,SMB,Healthcare,2023-01-03
C1268,Customer_1268,Hyderabad,Enterprise,Healthcare,2024-01-07
C1269,Customer_1269,Chennai,SMB,Marketing,2024-09-02
C1270,Customer_1270,Pune,SMB,Marketing,2023-04-26
C1271,Customer_1271,Hyderabad,SMB,Education,2024-03-22
C1272,Customer_1272,Delhi,Startup,Education,2024-02-19
C1273,Customer_1273,Chennai,SMB,IT Services,2026-01-23
C1274,Customer_1274,Hyderabad,SMB,Healthcare,2025-06-10
C1275,Customer_1275,Pune,SMB,Retail,2025-11-13
C1276,Customer_1276,Bengaluru,SMB,Healthcare,2024-10-24
C1277,Customer_1277,Bengaluru,Enterprise,Healthcare,2025-12-09
C1278,Customer_1278,Coimbatore,Mid-Market,Education,2024-12-18
C1279,Customer_1279,Kochi,SMB,Healthcare,2026-01-07
C1280,Customer_1280,Kolkata,SMB,Manufacturing,2025-11-16
C1281,Customer_1281,Bengaluru,SMB,Healthcare,2023-09-28
C1282,Customer_1282,Ahmedabad,Startup,Manufacturing,2024-07-15
C1283,Customer_1283,Hyderabad,SMB,Marketing,2025-03-14
C1284,Customer_1284,Ahmedabad,Startup,Retail,2023-09-04
C1285,Customer_1285,Pune,SMB,Education,2024-01-22
C1286,Customer_1286,Bengaluru,SMB,Healthcare,2024-12-02
C1287,Customer_1287,Kolkata,Startup,Manufacturing,2024-07-12
C1288,Customer_1288,Pune,Enterprise,Manufacturing,2025-08-30
C1289,Customer_1289,Delhi,Enterprise,Marketing,2025-09-10
C1290,Customer_1290,Delhi,Mid-Market,Manufacturing,2023-12-18
C1291,Customer_1291,Ahmedabad,SMB,Finance,2025-01-22
C1292,Customer_1292,Kochi,Mid-Market,IT Services,2025-02-19
C1293,Customer_1293,Chennai,Startup,Retail,2025-10-21
C1294,Customer_1294,Kochi,Mid-Market,Marketing,2024-06-29
C1295,Customer_1295,Coimbatore,Startup,Marketing,2023-03-20
C1296,Customer_1296,Kochi,Mid-Market,Healthcare,2023-11-30
C1297,Customer_1297,Coimbatore,SMB,Finance,2025-06-07
C1298,Customer_1298,Coimbatore,Mid-Market,Healthcare,2026-01-26
C1299,Customer_1299,Kolkata,Enterprise,Healthcare,2026-01-10
C1300,Customer_1300,Bengaluru,Startup,Education,2024-05-16
C1301,Customer_1301,Kolkata,SMB,Education,2025-02-03
C1302,Customer_1302,Coimbatore,Enterprise,Education,2025-07-09
C1303,Customer_1303,Pune,SMB,Finance,2024-07-03
C1304,Customer_1304,Delhi,Mid-Market,Healthcare,2023-01-14
C1305,Customer_1305,Coimbatore,SMB,IT Services,2024-01-27
C1306,Customer_1306,Kolkata,SMB,Retail,2023-11-06
C1307,Customer_1307,Pune,SMB,Education,2024-01-21
C1308,Customer_1308,Kolkata,Startup,Education,2025-08-31
C1309,Customer_1309,Kochi,Mid-Market,Marketing,2026-01-22
C1310,Customer_1310,Hyderabad,SMB,Healthcare,2026-01-21
C1311,Customer_1311,Ahmedabad,SMB,Healthcare,2023-12-06
C1312,Customer_1312,Chennai,SMB,Finance,2024-08-19
C1313,Customer_1313,Kolkata,SMB,Finance,2025-01-26
C1314,Customer_1314,Chennai,Mid-Market,Education,2025-11-11
C1315,Customer_1315,Mumbai,Enterprise,Healthcare,2023-10-18
C1316,Customer_1316,Kolkata,SMB,IT Services,2023-11-02
C1317,Customer_1317,Hyderabad,Mid-Market,Retail,2024-09-25
C1318,Customer_1318,Chennai,Mid-Market,Healthcare,2026-02-25
C1319,Customer_1319,Coimbatore,SMB,Marketing,2024-09-16
C1320,Customer_1320,Kolkata,Enterprise,Healthcare,2025-07-27
C1321,Customer_1321,Bengaluru,Startup,Manufacturing,2025-04-27
C1322,Customer_1322,Ahmedabad,Startup,Finance,2024-03-17
C1323,Customer_1323,Hyderabad,Mid-Market,Marketing,2024-05-17
C1324,Customer_1324,Chennai,SMB,Retail,2023-05-10
C1325,Customer_1325,Hyderabad,Mid-Market,Education,2026-03-01
C1326,Customer_1326,Pune,Mid-Market,Marketing,2024-08-19
C1327,Customer_1327,Ahmedabad,Startup,Healthcare,2025-05-11
C1328,Customer_1328,Coimbatore,Mid-Market,Education,2024-08-15
C1329,Customer_1329,Kolkata,SMB,Healthcare,2025-09-25
C1330,Customer_1330,Kolkata,SMB,Education,2023-11-21
C1331,Customer_1331,Kolkata,SMB,Retail,2025-12-28
C1332,Customer_1332,Ahmedabad,Enterprise,Finance,2024-03-23
C1333,Customer_1333,Bengaluru,Startup,Retail,2025-03-29
C1334,Customer_1334,Mumbai,SMB,Manufacturing,2026-04-03
C1335,Customer_1335,Delhi,Mid-Market,IT Services,2024-12-09
C1336,Customer_1336,Kochi,Mid-Market,Finance,2023-09-22
C1337,Customer_1337,Chennai,Mid-Market,Retail,2024-09-03
C1338,Customer_1338,Bengaluru,Startup,Manufacturing,2025-04-11
C1339,Customer_1339,Coimbatore,SMB,IT Services,2024-11-04
C1340,Customer_1340,Chennai,SMB,Manufacturing,2023-06-06
C1341,Customer_1341,Kolkata,Mid-Market,Healthcare,2023-09-08
C1342,Customer_1342,Hyderabad,SMB,Healthcare,2025-05-27
C1343,Customer_1343,Coimbatore,Startup,Education,2024-06-13
C1344,Customer_1344,Chennai,Enterprise,Finance,2023-11-23
C1345,Customer_1345,Kolkata,Startup,Healthcare,2025-08-18
C1346,Customer_1346,Chennai,Enterprise,Marketing,2025-06-13
C1347,Customer_1347,Hyderabad,Mid-Market,Manufacturing,2023-04-07
C1348,Customer_1348,Kolkata,Mid-Market,Finance,2024-05-27
C1349,Customer_1349,Mumbai,SMB,Marketing,2023-08-04
C1350,Customer_1350,Bengaluru,Startup,Healthcare,2026-03-01
C1351,Customer_1351,Pune,Mid-Market,Education,2023-05-05
C1352,Customer_1352,Kochi,Mid-Market,Retail,2026-01-10
C1353,Customer_1353,Ahmedabad,Mid-Market,Education,2023-02-28
C1354,Customer_1354,Kochi,Startup,Marketing,2023-06-10
C1355,Customer_1355,Coimbatore,Mid-Market,IT Services,2023-10-11
C1356,Customer_1356,Kochi,Mid-Market,Healthcare,2023-04-16
C1357,Customer_1357,Kolkata,Mid-Market,Marketing,2026-02-02
C1358,Customer_1358,Mumbai,Mid-Market,IT Services,2023-08-16
C1359,Customer_1359,Pune,Mid-Market,IT Services,2023-11-14
C1360,Customer_1360,Bengaluru,SMB,Manufacturing,2025-03-12
C1361,Customer_1361,Bengaluru,Startup,Finance,2025-05-23
C1362,Customer_1362,Hyderabad,SMB,Manufacturing,2024-04-16
C1363,Customer_1363,Ahmedabad,Startup,Healthcare,2025-12-15
C1364,Customer_1364,Chennai,SMB,IT Services,2024-09-16
C1365,Customer_1365,Mumbai,SMB,Marketing,2023-01-13
C1366,Customer_1366,Chennai,Startup,Retail,2025-11-07
C1367,Customer_1367,Pune,SMB,IT Services,2024-11-24
C1368,Customer_1368,Kochi,Startup,Marketing,2025-08-30
C1369,Customer_1369,Bengaluru,Mid-Market,Retail,2023-04-23
C1370,Customer_1370,Pune,Enterprise,Manufacturing,2023-08-17
C1371,Customer_1371,Kochi,Startup,Manufacturing,2023-06-20
C1372,Customer_1372,Bengaluru,Enterprise,Finance,2023-10-22
C1373,Customer_1373,Kochi,SMB,Marketing,2023-07-08
C1374,Customer_1374,Ahmedabad,SMB,IT Services,2024-03-01
C1375,Customer_1375,Mumbai,Startup,Education,2025-09-03
C1376,Customer_1376,Coimbatore,SMB,Manufacturing,2026-01-07
C1377,Customer_1377,Pune,Mid-Market,Manufacturing,2024-10-19
C1378,Customer_1378,Pune,Mid-Market,Finance,2025-07-07
C1379,Customer_1379,Delhi,Startup,Retail,2024-05-13
C1380,Customer_1380,Kolkata,Startup,Finance,2025-01-31
C1381,Customer_1381,Ahmedabad,SMB,IT Services,2025-05-15
C1382,Customer_1382,Ahmedabad,SMB,Marketing,2025-04-05
C1383,Customer_1383,Chennai,Startup,Healthcare,2023-03-12
C1384,Customer_1384,Kochi,SMB,Healthcare,2023-09-05
C1385,Customer_1385,Kolkata,Mid-Market,Marketing,2023-05-26
C1386,Customer_1386,Mumbai,Enterprise,Retail,2024-08-04
C1387,Customer_1387,Mumbai,SMB,Manufacturing,2024-04-14
C1388,Customer_1388,Ahmedabad,Enterprise,Retail,2023-07-12
C1389,Customer_1389,Mumbai,SMB,Manufacturing,2025-12-27
C1390,Customer_1390,Delhi,SMB,Manufacturing,2024-05-08
C1391,Customer_1391,Pune,Startup,Healthcare,2023-02-21
C1392,Customer_1392,Hyderabad,SMB,Retail,2025-05-31
C1393,Customer_1393,Coimbatore,Enterprise,Finance,2023-12-29
C1394,Customer_1394,Chennai,SMB,Manufacturing,2025-07-05
C1395,Customer_1395,Kochi,SMB,Education,2024-04-18
C1396,Customer_1396,Coimbatore,SMB,Education,2024-06-04
C1397,Customer_1397,Kochi,Startup,Finance,2024-11-21
C1398,Customer_1398,Bengaluru,Mid-Market,Education,2026-02-25
C1399,Customer_1399,Coimbatore,SMB,IT Services,2024-06-15
C1400,Customer_1400,Hyderabad,SMB,Manufacturing,2025-04-19
C1401,Customer_1401,Ahmedabad,SMB,Finance,2025-12-24
C1402,Customer_1402,Delhi,SMB,Retail,2023-08-29
C1403,Customer_1403,Pune,Startup,Manufacturing,2024-06-19
C1404,Customer_1404,Pune,Mid-Market,Finance,2023-03-24
C1405,Customer_1405,Delhi,Startup,Healthcare,2025-09-08
C1406,Customer_1406,Kolkata,Mid-Market,Retail,2025-08-08
C1407,Customer_1407,Bengaluru,Mid-Market,Healthcare,2024-09-02
C1408,Customer_1408,Kochi,Mid-Market,Manufacturing,2024-07-27
C1409,Customer_1409,Hyderabad,SMB,Retail,2023-10-13
C1410,Customer_1410,Mumbai,SMB,Education,2025-09-15
C1411,Customer_1411,Coimbatore,Startup,Finance,2024-04-03
C1412,Customer_1412,Bengaluru,Mid-Market,Manufacturing,2023-05-06
C1413,Customer_1413,Coimbatore,SMB,IT Services,2024-02-29
C1414,Customer_1414,Hyderabad,SMB,Retail,2024-07-07
C1415,Customer_1415,Chennai,SMB,Retail,2024-09-01
C1416,Customer_1416,Chennai,Startup,Marketing,2026-03-27
C1417,Customer_1417,Bengaluru,SMB,Manufacturing,2023-04-22
C1418,Customer_1418,Ahmedabad,Startup,Manufacturing,2024-02-06
C1419,Customer_1419,Hyderabad,Mid-Market,Healthcare,2023-05-02
C1420,Customer_1420,Hyderabad,SMB,Marketing,2023-09-30
C1421,Customer_1421,Delhi,Startup,Education,2024-02-02
C1422,Customer_1422,Ahmedabad,SMB,Healthcare,2024-04-15
C1423,Customer_1423,Kochi,Startup,Marketing,2025-09-11
C1424,Customer_1424,Kochi,SMB,Healthcare,2026-02-07
C1425,Customer_1425,Mumbai,Mid-Market,Education,2024-07-22
C1426,Customer_1426,Pune,Startup,Marketing,2026-02-11
C1427,Customer_1427,Chennai,Mid-Market,Marketing,2025-06-15
C1428,Customer_1428,Kochi,Startup,IT Services,2025-03-30
C1429,Customer_1429,Ahmedabad,Startup,Healthcare,2025-05-02
C1430,Customer_1430,Hyderabad,Mid-Market,Healthcare,2024-12-10
C1431,Customer_1431,Kochi,SMB,Retail,2023-11-17
C1432,Customer_1432,Hyderabad,Startup,Education,2023-06-28
C1433,Customer_1433,Kochi,SMB,Finance,2025-06-15
C1434,Customer_1434,Chennai,SMB,IT Services,2023-08-07
C1435,Customer_1435,Coimbatore,Mid-Market,Marketing,2025-02-27
C1436,Customer_1436,Kochi,SMB,Marketing,2024-05-06
C1437,Customer_1437,Ahmedabad,Mid-Market,Marketing,2023-03-02
C1438,Customer_1438,Kochi,Mid-Market,IT Services,2025-12-13
C1439,Customer_1439,Pune,SMB,Marketing,2024-06-21
C1440,Customer_1440,Chennai,Enterprise,Marketing,2025-04-27
C1441,Customer_1441,Ahmedabad,SMB,Education,2025-09-14
C1442,Customer_1442,Delhi,Enterprise,Manufacturing,2023-03-06
C1443,Customer_1443,Ahmedabad,Startup,Manufacturing,2024-08-08
C1444,Customer_1444,Pune,Mid-Market,Retail,2023-06-20
C1445,Customer_1445,Coimbatore,SMB,Retail,2024-06-18
C1446,Customer_1446,Chennai,SMB,Marketing,2024-11-23
C1447,Customer_1447,Delhi,SMB,Education,2023-04-18
C1448,Customer_1448,Pune,Mid-Market,Marketing,2026-03-31
C1449,Customer_1449,Pune,Startup,Retail,2025-03-24
C1450,Customer_1450,Bengaluru,Startup,IT Services,2025-10-01
C1451,Customer_1451,Chennai,Mid-Market,IT Services,2024-03-27
C1452,Customer_1452,Ahmedabad,Mid-Market,Finance,2024-08-12
C1453,Customer_1453,Hyderabad,Enterprise,Manufacturing,2025-11-05
C1454,Customer_1454,Coimbatore,Mid-Market,Education,2023-11-23
C1455,Customer_1455,Hyderabad,Enterprise,Healthcare,2024-08-30
C1456,Customer_1456,Ahmedabad,Mid-Market,Manufacturing,2024-10-20
C1457,Customer_1457,Ahmedabad,SMB,Healthcare,2023-01-02
C1458,Customer_1458,Chennai,Startup,Finance,2025-10-30
C1459,Customer_1459,Ahmedabad,Mid-Market,Finance,2024-03-09
C1460,Customer_1460,Bengaluru,SMB,Marketing,2023-05-05
C1461,Customer_1461,Delhi,Startup,Retail,2026-01-09
C1462,Customer_1462,Ahmedabad,SMB,Finance,2024-04-29
C1463,Customer_1463,Hyderabad,Enterprise,Finance,2024-10-13
C1464,Customer_1464,Ahmedabad,SMB,Healthcare,2026-03-19
C1465,Customer_1465,Bengaluru,SMB,Retail,2025-03-10
C1466,Customer_1466,Kochi,SMB,Finance,2025-05-22
C1467,Customer_1467,Kochi,Startup,Manufacturing,2023-05-09
C1468,Customer_1468,Pune,SMB,Finance,2024-03-13
C1469,Customer_1469,Coimbatore,SMB,Retail,2025-01-20
C1470,Customer_1470,Mumbai,Startup,Marketing,2024-05-15
C1471,Customer_1471,Delhi,Mid-Market,Education,2025-12-17
C1472,Customer_1472,Kolkata,SMB,Retail,2023-07-30
C1473,Customer_1473,Pune,Mid-Market,Healthcare,2025-06-20
C1474,Customer_1474,Coimbatore,Mid-Market,Education,2023-02-14
C1475,Customer_1475,Kochi,Startup,Manufacturing,2026-01-25
C1476,Customer_1476,Hyderabad,Mid-Market,IT Services,2024-06-18
C1477,Customer_1477,Kolkata,SMB,Retail,2024-04-05
C1478,Customer_1478,Coimbatore,Mid-Market,Marketing,2024-01-26
C1479,Customer_1479,Coimbatore,Startup,Healthcare,2025-12-03
C1480,Customer_1480,Pune,Mid-Market,Manufacturing,2023-01-27
C1481,Customer_1481,Kolkata,SMB,Education,2025-03-04
C1482,Customer_1482,Chennai,SMB,Manufacturing,2026-01-25
C1483,Customer_1483,Mumbai,Startup,Retail,2025-09-01
C1484,Customer_1484,Chennai,Mid-Market,Finance,2024-07-01
C1485,Customer_1485,Kolkata,Mid-Market,Marketing,2024-09-12
C1486,Customer_1486,Chennai,SMB,Retail,2024-07-20
C1487,Customer_1487,Bengaluru,SMB,IT Services,2024-12-04
C1488,Customer_1488,Kochi,SMB,Retail,2023-07-04
C1489,Customer_1489,Bengaluru,Mid-Market,Education,2025-12-28
C1490,Customer_1490,Ahmedabad,Startup,Education,2026-02-27
C1491,Customer_1491,Chennai,Mid-Market,Retail,2025-04-27
C1492,Customer_1492,Ahmedabad,SMB,Education,2024-08-21
C1493,Customer_1493,Hyderabad,SMB,Finance,2025-03-16
C1494,Customer_1494,Delhi,Startup,Manufacturing,2026-03-23
C1495,Customer_1495,Hyderabad,Startup,Retail,2023-03-20
C1496,Customer_1496,Kolkata,SMB,Marketing,2024-08-01
C1497,Customer_1497,Coimbatore,SMB,Finance,2024-02-17
C1498,Customer_1498,Kochi,Mid-Market,Manufacturing,2024-06-29
C1499,Customer_1499,Chennai,Startup,Marketing,2023-06-18
C1500,Customer_1500,Pune,SMB,Marketing,2024-11-11
