Subscription_ID,Customer_ID,Plan_ID,Start_Date,End_Date,Status,Billing_Cycle
S00001,C0001,P004,2025-02-28,2025-08-18,Cancelled,Annual
S00002,C0001,P002,2025-08-27,,Active,Monthly
S00003,C0002,P002,2023-01-31,,Active,Monthly
S00004,C0003,P001,2023-01-11,,Active,Monthly
S00005,C0004,P003,2023-04-06,,Active,Annual
S00006,C0005,P001,2024-03-28,,Active,Monthly
S00007,C0006,P001,2023-07-11,2024-07-12,Expired,Monthly
S00008,C0006,P001,2024-05-28,2025-02-17,Cancelled,Monthly
S00009,C0007,P001,2024-04-30,,Active,Annual
S00010,C0008,P003,2026-02-25,,Active,Monthly
S00011,C0009,P001,2023-08-26,,Active,Annual
S00012,C0010,P001,2026-02-09,,Active,Annual
S00013,C0011,P002,2026-03-14,,Active,Monthly
S00014,C0012,P002,2025-12-24,2027-05-01,Cancelled,Monthly
S00015,C0013,P002,2025-01-04,,Active,Monthly
S00016,C0014,P002,2025-09-17,,Active,Annual
S00017,C0015,P002,2025-04-04,2026-04-26,Cancelled,Monthly
S00018,C0016,P002,2023-04-16,,Active,Annual
S00019,C0017,P002,2023-06-30,,Active,Monthly
S00020,C0018,P002,2023-07-03,,Active,Monthly
S00021,C0019,P003,2023-08-14,,Active,Monthly
S00022,C0020,P001,2025-02-15,,Active,Monthly
S00023,C0021,P002,2025-02-28,,Active,Monthly
S00024,C0022,P003,2026-01-17,2027-05-19,Expired,Monthly
S00025,C0022,P002,2026-05-20,,Active,Annual
S00026,C0023,P001,2024-11-18,2025-04-22,Expired,Monthly
S00027,C0024,P002,2024-06-13,,Active,Monthly
S00028,C0025,P003,2025-08-29,,Active,Annual
S00029,C0026,P002,2025-07-24,,Active,Monthly
S00030,C0027,P003,2023-04-16,,Active,Monthly
S00031,C0028,P002,2025-04-10,,Active,Monthly
S00032,C0029,P001,2024-11-09,2025-04-16,Cancelled,Monthly
S00033,C0029,P003,2026-03-21,,Active,Monthly
S00034,C0030,P003,2025-04-28,,Active,Annual
S00035,C0031,P002,2025-11-21,,Active,Annual
S00036,C0032,P002,2024-01-28,2024-12-20,Cancelled,Annual
S00037,C0033,P002,2023-02-09,,Active,Monthly
S00038,C0034,P003,2024-10-21,,Active,Monthly
S00039,C0035,P002,2025-09-07,,Active,Monthly
S00040,C0036,P002,2026-01-10,,Active,Monthly
S00041,C0037,P001,2025-04-24,,Active,Annual
S00042,C0038,P002,2023-07-20,,Active,Monthly
S00043,C0039,P002,2024-03-22,2025-01-21,Expired,Monthly
S00044,C0040,P002,2025-11-27,2026-05-21,Expired,Annual
S00045,C0041,P001,2024-03-19,,Active,Monthly
S00046,C0042,P002,2025-01-30,2026-05-16,Cancelled,Monthly
S00047,C0043,P001,2023-08-15,2024-09-11,Expired,Monthly
S00048,C0044,P003,2023-02-17,2024-04-12,Cancelled,Monthly
S00049,C0044,P001,2024-02-03,,Active,Monthly
S00050,C0045,P001,2025-11-07,,Active,Monthly
S00051,C0046,P002,2025-06-30,,Active,Monthly
S00052,C0047,P001,2023-07-06,,Active,Annual
S00053,C0048,P003,2023-12-11,2024-03-22,Cancelled,Monthly
S00054,C0048,P002,2024-11-04,,Active,Annual
S00055,C0049,P001,2023-08-12,2024-09-13,Expired,Monthly
S00056,C0050,P002,2025-04-09,,Active,Annual
S00057,C0051,P003,2024-05-02,,Active,Annual
S00058,C0052,P003,2025-05-26,2026-06-01,Cancelled,Monthly
S00059,C0053,P002,2025-04-28,,Active,Annual
S00060,C0054,P001,2025-09-05,,Active,Monthly
S00061,C0055,P002,2025-10-13,2026-12-31,Expired,Monthly
S00062,C0055,P001,2026-04-24,,Active,Monthly
S00063,C0056,P001,2023-07-07,,Active,Monthly
S00064,C0057,P004,2023-09-27,2024-07-01,Expired,Annual
S00065,C0057,P002,2024-07-01,2025-07-25,Cancelled,Annual
S00066,C0058,P002,2023-11-06,2024-10-04,Cancelled,Annual
S00067,C0058,P001,2024-09-17,,Active,Monthly
S00068,C0059,P004,2026-03-01,,Active,Monthly
S00069,C0060,P004,2025-12-31,,Active,Annual
S00070,C0061,P001,2025-04-24,,Active,Monthly
S00071,C0062,P001,2024-04-30,,Active,Monthly
S00072,C0063,P002,2023-04-30,,Active,Annual
S00073,C0064,P001,2023-08-08,,Active,Monthly
S00074,C0065,P003,2023-02-22,,Active,Monthly
S00075,C0066,P002,2025-01-27,,Active,Annual
S00076,C0067,P003,2025-01-07,2025-09-27,Cancelled,Monthly
S00077,C0068,P001,2024-12-20,,Active,Monthly
S00078,C0069,P002,2024-02-10,2024-12-27,Expired,Monthly
S00079,C0070,P002,2024-08-30,,Active,Annual
S00080,C0071,P003,2025-10-17,,Active,Monthly
S00081,C0072,P003,2024-02-26,2024-09-16,Expired,Monthly
S00082,C0072,P003,2025-04-25,2026-05-31,Cancelled,Annual
S00083,C0073,P001,2024-12-12,,Active,Annual
S00084,C0074,P003,2023-09-04,,Active,Monthly
S00085,C0075,P003,2023-03-13,,Active,Annual
S00086,C0076,P003,2023-07-04,2023-11-04,Expired,Monthly
S00087,C0077,P002,2023-01-06,2024-04-17,Cancelled,Annual
S00088,C0078,P004,2025-06-24,2025-12-22,Cancelled,Monthly
S00089,C0078,P003,2025-11-20,2026-07-12,Cancelled,Monthly
S00090,C0079,P001,2024-01-22,,Active,Annual
S00091,C0080,P002,2024-11-29,,Active,Annual
S00092,C0081,P003,2026-01-04,2027-02-10,Expired,Monthly
S00093,C0081,P001,2026-05-24,,Active,Annual
S00094,C0082,P001,2025-04-06,,Active,Monthly
S00095,C0083,P002,2023-12-15,,Active,Annual
S00096,C0084,P002,2023-11-04,,Active,Annual
S00097,C0085,P003,2026-02-24,2026-09-10,Expired,Monthly
S00098,C0086,P002,2023-10-14,,Active,Annual
S00099,C0087,P002,2025-02-04,,Active,Monthly
S00100,C0088,P001,2024-12-25,,Active,Monthly
S00101,C0089,P001,2025-01-31,,Active,Annual
S00102,C0090,P004,2024-01-18,2025-05-09,Expired,Annual
S00103,C0090,P001,2024-12-06,,Active,Monthly
S00104,C0091,P004,2024-01-23,,Active,Monthly
S00105,C0092,P001,2024-06-08,,Active,Annual
S00106,C0093,P002,2024-09-30,,Active,Annual
S00107,C0094,P003,2025-07-26,,Active,Monthly
S00108,C0095,P001,2023-10-03,,Active,Monthly
S00109,C0096,P001,2024-05-14,,Active,Annual
S00110,C0097,P002,2024-12-17,,Active,Annual
S00111,C0098,P002,2023-12-03,,Active,Annual
S00112,C0099,P001,2025-07-20,,Active,Monthly
S00113,C0100,P001,2024-04-25,2024-12-20,Expired,Monthly
S00114,C0100,P001,2025-02-04,2025-07-31,Cancelled,Annual
S00115,C0101,P001,2025-06-29,,Active,Monthly
S00116,C0102,P004,2025-12-17,2026-07-02,Cancelled,Monthly
S00117,C0102,P002,2026-05-23,,Active,Monthly
S00118,C0103,P004,2023-04-19,,Active,Monthly
S00119,C0104,P002,2023-11-24,2025-02-12,Expired,Monthly
S00120,C0105,P002,2023-11-11,2025-01-05,Cancelled,Monthly
S00121,C0106,P001,2026-02-08,2026-08-04,Cancelled,Monthly
S00122,C0107,P001,2024-11-29,,Active,Annual
S00123,C0108,P003,2025-02-19,2025-11-03,Cancelled,Monthly
S00124,C0108,P003,2025-08-13,,Active,Annual
S00125,C0109,P001,2023-06-05,2024-04-21,Expired,Monthly
S00126,C0109,P002,2024-06-16,2024-11-18,Expired,Annual
S00127,C0110,P003,2025-06-05,2026-04-17,Cancelled,Annual
S00128,C0111,P002,2025-10-22,2026-11-28,Cancelled,Monthly
S00129,C0111,P002,2026-06-18,,Active,Monthly
S00130,C0112,P002,2025-01-27,,Active,Monthly
S00131,C0113,P002,2024-12-22,2025-08-30,Expired,Monthly
S00132,C0113,P002,2025-12-13,,Active,Monthly
S00133,C0114,P002,2025-07-01,,Active,Monthly
S00134,C0115,P003,2025-05-20,2026-04-12,Cancelled,Annual
S00135,C0115,P002,2026-04-18,,Active,Monthly
S00136,C0116,P002,2023-01-13,,Active,Monthly
S00137,C0117,P001,2024-08-30,2025-07-28,Cancelled,Monthly
S00138,C0118,P001,2024-05-12,,Active,Monthly
S00139,C0119,P002,2023-08-26,,Active,Monthly
S00140,C0120,P001,2026-01-22,,Active,Annual
S00141,C0121,P001,2025-02-19,2026-07-03,Cancelled,Monthly
S00142,C0122,P003,2026-04-09,,Active,Annual
S00143,C0123,P001,2024-08-28,2025-01-28,Cancelled,Monthly
S00144,C0124,P003,2024-10-22,,Active,Monthly
S00145,C0125,P003,2025-04-28,,Active,Annual
S00146,C0126,P002,2025-07-24,2026-02-09,Expired,Monthly
S00147,C0126,P001,2026-02-27,,Active,Annual
S00148,C0127,P003,2024-09-19,2026-01-07,Cancelled,Annual
S00149,C0128,P002,2023-05-23,,Active,Annual
S00150,C0129,P001,2024-12-14,2025-06-06,Expired,Annual
S00151,C0129,P002,2025-10-06,,Active,Annual
S00152,C0130,P001,2024-04-23,,Active,Monthly
S00153,C0131,P003,2024-07-18,2025-07-01,Expired,Annual
S00154,C0132,P003,2024-04-15,,Active,Annual
S00155,C0133,P003,2024-01-19,,Active,Annual
S00156,C0134,P002,2025-07-14,,Active,Monthly
S00157,C0135,P001,2024-02-21,,Active,Annual
S00158,C0136,P002,2023-11-04,,Active,Annual
S00159,C0137,P001,2024-10-10,,Active,Monthly
S00160,C0138,P001,2025-10-21,2026-07-03,Expired,Annual
S00161,C0138,P004,2026-05-01,,Active,Annual
S00162,C0139,P002,2025-12-03,,Active,Annual
S00163,C0140,P001,2025-01-08,,Active,Annual
S00164,C0141,P004,2026-01-26,,Active,Monthly
S00165,C0142,P002,2023-05-20,,Active,Monthly
S00166,C0143,P003,2025-08-31,,Active,Monthly
S00167,C0144,P001,2025-10-13,,Active,Monthly
S00168,C0145,P001,2025-08-10,2026-02-20,Expired,Annual
S00169,C0146,P001,2025-06-22,,Active,Monthly
S00170,C0147,P001,2023-03-13,,Active,Annual
S00171,C0148,P003,2023-04-17,2024-04-07,Cancelled,Monthly
S00172,C0149,P001,2025-12-01,2026-05-14,Expired,Monthly
S00173,C0149,P001,2026-05-05,,Active,Annual
S00174,C0150,P003,2025-06-01,,Active,Monthly
S00175,C0151,P002,2023-05-19,2024-07-14,Expired,Monthly
S00176,C0151,P002,2024-01-05,,Active,Monthly
S00177,C0152,P001,2024-09-06,,Active,Monthly
S00178,C0153,P002,2025-05-12,,Active,Monthly
S00179,C0154,P001,2023-09-30,,Active,Monthly
S00180,C0155,P001,2024-02-20,,Active,Monthly
S00181,C0156,P001,2024-05-20,2024-10-05,Cancelled,Annual
S00182,C0156,P002,2025-05-12,,Active,Monthly
S00183,C0157,P003,2025-01-02,2025-08-02,Cancelled,Monthly
S00184,C0158,P002,2024-02-28,,Active,Annual
S00185,C0159,P001,2024-01-25,2025-02-18,Cancelled,Monthly
S00186,C0159,P001,2024-08-31,,Active,Monthly
S00187,C0160,P003,2023-12-08,,Active,Annual
S00188,C0161,P001,2025-08-03,2026-06-19,Expired,Annual
S00189,C0162,P003,2024-09-05,2025-11-30,Expired,Monthly
S00190,C0163,P002,2024-05-07,2025-08-14,Expired,Annual
S00191,C0164,P004,2023-07-11,2024-10-16,Cancelled,Monthly
S00192,C0164,P001,2024-06-28,2024-12-01,Expired,Monthly
S00193,C0165,P001,2024-05-13,,Active,Monthly
S00194,C0166,P001,2025-04-01,,Active,Annual
S00195,C0167,P001,2023-08-15,2024-05-02,Cancelled,Monthly
S00196,C0167,P002,2024-04-20,,Active,Monthly
S00197,C0168,P001,2023-05-19,,Active,Monthly
S00198,C0169,P001,2025-05-05,2025-09-26,Expired,Monthly
S00199,C0170,P002,2025-03-27,,Active,Annual
S00200,C0171,P002,2026-03-18,,Active,Monthly
S00201,C0172,P001,2026-02-12,,Active,Monthly
S00202,C0173,P003,2025-12-22,,Active,Annual
S00203,C0174,P002,2023-04-14,,Active,Monthly
S00204,C0175,P002,2025-05-20,,Active,Monthly
S00205,C0176,P001,2024-10-29,,Active,Annual
S00206,C0177,P002,2023-09-30,,Active,Monthly
S00207,C0178,P002,2025-10-26,2026-11-01,Cancelled,Annual
S00208,C0179,P002,2026-03-16,,Active,Monthly
S00209,C0180,P002,2023-07-03,,Active,Monthly
S00210,C0181,P003,2025-11-17,,Active,Monthly
S00211,C0182,P001,2026-02-16,,Active,Monthly
S00212,C0183,P002,2023-10-20,,Active,Annual
S00213,C0184,P001,2023-06-26,2024-01-05,Cancelled,Monthly
S00214,C0185,P001,2023-02-27,,Active,Monthly
S00215,C0186,P002,2023-11-04,2024-09-18,Cancelled,Monthly
S00216,C0186,P002,2025-01-22,,Active,Annual
S00217,C0187,P001,2025-09-03,2026-10-20,Cancelled,Annual
S00218,C0188,P001,2026-02-02,2026-11-28,Cancelled,Monthly
S00219,C0189,P002,2024-11-30,,Active,Annual
S00220,C0190,P002,2023-03-24,,Active,Monthly
S00221,C0191,P001,2023-09-09,,Active,Annual
S00222,C0192,P003,2025-03-06,2025-07-04,Expired,Monthly
S00223,C0193,P001,2025-06-15,,Active,Monthly
S00224,C0194,P003,2023-07-29,,Active,Monthly
S00225,C0195,P001,2025-03-26,2026-06-14,Expired,Annual
S00226,C0195,P001,2026-05-24,,Active,Annual
S00227,C0196,P003,2024-08-31,,Active,Monthly
S00228,C0197,P004,2024-03-22,2025-01-21,Expired,Monthly
S00229,C0197,P002,2025-01-09,2025-05-09,Expired,Monthly
S00230,C0198,P002,2024-04-04,,Active,Annual
S00231,C0199,P002,2025-08-25,,Active,Monthly
S00232,C0200,P002,2024-04-16,,Active,Monthly
S00233,C0201,P001,2024-01-05,,Active,Monthly
S00234,C0202,P001,2025-06-18,,Active,Monthly
S00235,C0203,P004,2025-07-11,2026-08-13,Expired,Monthly
S00236,C0204,P002,2023-05-17,2024-03-13,Expired,Monthly
S00237,C0205,P001,2024-01-02,2024-12-12,Cancelled,Monthly
S00238,C0206,P002,2025-06-30,2026-10-16,Cancelled,Annual
S00239,C0206,P002,2025-11-11,,Active,Monthly
S00240,C0207,P002,2023-07-03,,Active,Monthly
S00241,C0208,P001,2024-04-16,,Active,Annual
S00242,C0209,P001,2024-10-15,,Active,Monthly
S00243,C0210,P002,2025-01-18,,Active,Annual
S00244,C0211,P002,2024-06-20,,Active,Monthly
S00245,C0212,P002,2025-03-12,,Active,Monthly
S00246,C0213,P002,2025-07-08,,Active,Monthly
S00247,C0214,P001,2024-05-24,2025-03-27,Expired,Monthly
S00248,C0215,P002,2024-09-21,,Active,Monthly
S00249,C0216,P002,2025-09-28,,Active,Monthly
S00250,C0217,P003,2026-01-01,,Active,Monthly
S00251,C0218,P002,2025-07-04,,Active,Monthly
S00252,C0219,P003,2025-10-30,2026-09-21,Expired,Monthly
S00253,C0220,P003,2023-06-01,2024-07-09,Cancelled,Monthly
S00254,C0220,P001,2024-06-27,,Active,Monthly
S00255,C0221,P002,2025-10-25,,Active,Annual
S00256,C0222,P002,2024-04-08,,Active,Annual
S00257,C0223,P001,2026-02-10,,Active,Monthly
S00258,C0224,P003,2023-09-28,,Active,Monthly
S00259,C0225,P002,2026-04-01,,Active,Annual
S00260,C0226,P002,2024-04-04,2025-03-03,Cancelled,Annual
S00261,C0227,P002,2023-04-15,,Active,Annual
S00262,C0228,P001,2023-06-11,,Active,Monthly
S00263,C0229,P001,2023-12-17,,Active,Annual
S00264,C0230,P003,2024-03-09,2025-07-05,Cancelled,Monthly
S00265,C0231,P003,2025-05-01,2026-05-31,Expired,Annual
S00266,C0231,P001,2026-07-28,,Active,Monthly
S00267,C0232,P001,2023-05-20,2024-04-14,Cancelled,Annual
S00268,C0233,P002,2026-03-01,2026-09-06,Expired,Monthly
S00269,C0234,P001,2023-03-28,,Active,Monthly
S00270,C0235,P001,2023-07-02,,Active,Monthly
S00271,C0236,P001,2024-01-03,2024-05-18,Expired,Monthly
S00272,C0237,P001,2023-05-09,,Active,Monthly
S00273,C0238,P001,2024-10-31,,Active,Annual
S00274,C0239,P001,2023-05-29,2024-04-02,Expired,Monthly
S00275,C0239,P001,2024-05-19,,Active,Annual
S00276,C0240,P002,2025-09-11,2026-02-10,Cancelled,Monthly
S00277,C0241,P003,2025-05-01,,Active,Monthly
S00278,C0242,P002,2024-09-19,2025-12-16,Expired,Monthly
S00279,C0243,P003,2024-03-21,2025-02-23,Cancelled,Monthly
S00280,C0243,P003,2025-07-13,,Active,Annual
S00281,C0244,P002,2025-06-02,,Active,Monthly
S00282,C0245,P003,2023-10-21,,Active,Monthly
S00283,C0246,P002,2026-03-12,,Active,Monthly
S00284,C0247,P002,2023-09-07,,Active,Annual
S00285,C0248,P001,2025-05-27,,Active,Annual
S00286,C0249,P002,2025-08-05,2026-02-17,Expired,Annual
S00287,C0249,P001,2026-07-01,,Active,Monthly
S00288,C0250,P002,2025-09-01,,Active,Monthly
S00289,C0251,P001,2025-11-14,2026-07-16,Cancelled,Monthly
S00290,C0251,P002,2026-04-22,2027-08-06,Cancelled,Monthly
S00291,C0252,P004,2025-02-27,,Active,Monthly
S00292,C0253,P002,2025-09-10,2026-05-09,Expired,Monthly
S00293,C0253,P002,2026-07-02,,Active,Annual
S00294,C0254,P001,2025-06-07,,Active,Monthly
S00295,C0255,P002,2025-06-08,,Active,Annual
S00296,C0256,P003,2023-03-11,,Active,Monthly
S00297,C0257,P003,2024-09-16,,Active,Monthly
S00298,C0258,P002,2025-05-24,2026-08-25,Expired,Annual
S00299,C0259,P001,2026-02-09,2026-09-04,Cancelled,Monthly
S00300,C0259,P002,2026-05-08,2026-12-01,Expired,Monthly
S00301,C0260,P002,2024-04-15,,Active,Annual
S00302,C0261,P001,2023-04-01,2024-02-09,Cancelled,Annual
S00303,C0261,P001,2023-11-09,,Active,Monthly
S00304,C0262,P003,2024-06-13,2025-05-01,Cancelled,Monthly
S00305,C0262,P002,2025-10-20,2026-06-11,Expired,Monthly
S00306,C0263,P003,2024-10-22,2025-02-21,Cancelled,Annual
S00307,C0264,P001,2025-01-08,,Active,Monthly
S00308,C0265,P001,2024-12-26,,Active,Monthly
S00309,C0266,P002,2025-05-21,2025-10-04,Cancelled,Monthly
S00310,C0267,P003,2023-07-11,,Active,Monthly
S00311,C0268,P002,2023-05-18,,Active,Annual
S00312,C0269,P002,2023-12-11,,Active,Annual
S00313,C0270,P002,2025-10-05,,Active,Annual
S00314,C0271,P002,2024-05-17,,Active,Monthly
S00315,C0272,P001,2023-07-22,2024-09-15,Expired,Monthly
S00316,C0272,P003,2024-05-12,,Active,Annual
S00317,C0273,P001,2024-07-26,,Active,Monthly
S00318,C0274,P003,2023-07-11,2024-02-29,Expired,Monthly
S00319,C0275,P001,2023-01-05,,Active,Monthly
S00320,C0276,P002,2023-11-07,,Active,Monthly
S00321,C0277,P001,2024-07-02,,Active,Annual
S00322,C0278,P004,2023-02-25,,Active,Monthly
S00323,C0279,P001,2024-03-18,,Active,Monthly
S00324,C0280,P001,2025-05-19,,Active,Monthly
S00325,C0281,P001,2024-08-07,,Active,Annual
S00326,C0282,P002,2025-01-21,2025-06-04,Expired,Monthly
S00327,C0282,P003,2026-03-31,,Active,Monthly
S00328,C0283,P003,2023-12-26,,Active,Annual
S00329,C0284,P003,2025-03-29,,Active,Annual
S00330,C0285,P001,2023-01-30,,Active,Monthly
S00331,C0286,P002,2023-04-18,,Active,Annual
S00332,C0287,P001,2025-04-23,,Active,Monthly
S00333,C0288,P001,2024-12-17,,Active,Monthly
S00334,C0289,P004,2025-06-09,,Active,Annual
S00335,C0290,P003,2025-08-17,,Active,Annual
S00336,C0291,P003,2025-06-11,2026-08-27,Expired,Annual
S00337,C0291,P002,2026-03-16,,Active,Annual
S00338,C0292,P001,2025-01-01,2025-10-13,Cancelled,Annual
S00339,C0293,P003,2024-08-28,,Active,Annual
S00340,C0294,P001,2024-04-01,,Active,Monthly
S00341,C0295,P002,2024-09-06,2025-10-26,Cancelled,Monthly
S00342,C0296,P004,2024-11-28,2026-01-04,Cancelled,Monthly
S00343,C0297,P002,2024-11-04,,Active,Monthly
S00344,C0298,P002,2024-06-26,,Active,Monthly
S00345,C0299,P002,2025-05-06,,Active,Monthly
S00346,C0300,P002,2025-06-15,,Active,Monthly
S00347,C0301,P002,2023-10-05,,Active,Monthly
S00348,C0302,P002,2024-07-05,,Active,Monthly
S00349,C0303,P004,2023-04-21,2024-03-13,Expired,Monthly
S00350,C0304,P002,2024-01-20,,Active,Annual
S00351,C0305,P002,2025-01-30,2025-08-20,Expired,Monthly
S00352,C0305,P002,2026-01-02,,Active,Monthly
S00353,C0306,P003,2024-11-24,,Active,Monthly
S00354,C0307,P003,2024-02-09,,Active,Monthly
S00355,C0308,P003,2023-01-22,,Active,Monthly
S00356,C0309,P003,2024-11-08,,Active,Annual
S00357,C0310,P001,2024-09-02,,Active,Monthly
S00358,C0311,P002,2023-01-08,,Active,Monthly
S00359,C0312,P003,2024-12-02,2025-11-02,Cancelled,Annual
S00360,C0313,P003,2024-06-12,2025-02-26,Expired,Monthly
S00361,C0313,P002,2025-07-28,2026-03-15,Cancelled,Monthly
S00362,C0314,P001,2024-08-24,,Active,Monthly
S00363,C0315,P002,2024-10-18,,Active,Annual
S00364,C0316,P003,2023-06-15,,Active,Monthly
S00365,C0317,P002,2025-04-28,2026-08-02,Expired,Monthly
S00366,C0317,P001,2025-11-17,,Active,Monthly
S00367,C0318,P002,2024-05-10,,Active,Monthly
S00368,C0319,P002,2024-08-12,,Active,Annual
S00369,C0320,P002,2024-03-04,,Active,Annual
S00370,C0321,P002,2025-02-12,,Active,Monthly
S00371,C0322,P001,2023-06-12,2024-07-26,Expired,Annual
S00372,C0322,P002,2024-08-03,,Active,Monthly
S00373,C0323,P001,2024-01-01,,Active,Annual
S00374,C0324,P002,2023-03-13,,Active,Annual
S00375,C0325,P002,2024-10-16,,Active,Monthly
S00376,C0326,P002,2023-09-26,,Active,Annual
S00377,C0327,P002,2024-02-19,,Active,Annual
S00378,C0328,P001,2025-10-12,,Active,Monthly
S00379,C0329,P001,2024-11-05,2025-09-29,Expired,Monthly
S00380,C0330,P003,2025-12-19,,Active,Monthly
S00381,C0331,P001,2023-01-06,,Active,Annual
S00382,C0332,P002,2025-09-08,2026-06-26,Cancelled,Monthly
S00383,C0333,P004,2024-07-23,2025-09-29,Cancelled,Monthly
S00384,C0334,P003,2024-02-11,,Active,Annual
S00385,C0335,P001,2023-01-26,2024-03-15,Cancelled,Monthly
S00386,C0335,P001,2023-07-05,,Active,Annual
S00387,C0336,P002,2025-10-25,,Active,Monthly
S00388,C0337,P002,2025-09-12,2026-05-28,Cancelled,Monthly
S00389,C0338,P002,2024-01-25,,Active,Monthly
S00390,C0339,P001,2024-12-10,2026-01-10,Expired,Annual
S00391,C0339,P002,2025-05-07,,Active,Monthly
S00392,C0340,P002,2024-07-24,,Active,Annual
S00393,C0341,P002,2025-01-23,2025-05-25,Expired,Annual
S00394,C0341,P002,2025-11-20,2026-02-18,Cancelled,Monthly
S00395,C0342,P001,2023-05-26,,Active,Monthly
S00396,C0343,P002,2025-02-23,,Active,Monthly
S00397,C0344,P002,2024-06-09,,Active,Monthly
S00398,C0345,P002,2023-01-13,2024-05-17,Cancelled,Annual
S00399,C0346,P004,2025-06-21,,Active,Monthly
S00400,C0347,P004,2024-01-19,,Active,Monthly
S00401,C0348,P001,2024-07-09,,Active,Annual
S00402,C0349,P004,2025-06-05,2025-09-10,Cancelled,Monthly
S00403,C0350,P001,2023-01-19,,Active,Annual
S00404,C0351,P002,2024-07-28,2025-03-28,Expired,Monthly
S00405,C0351,P002,2025-05-02,,Active,Monthly
S00406,C0352,P002,2025-01-20,,Active,Annual
S00407,C0353,P002,2025-09-30,,Active,Monthly
S00408,C0354,P003,2024-02-23,2025-02-24,Expired,Annual
S00409,C0354,P002,2024-12-07,2025-03-19,Cancelled,Monthly
S00410,C0355,P001,2024-02-23,,Active,Monthly
S00411,C0356,P001,2023-05-02,,Active,Monthly
S00412,C0357,P002,2024-03-07,2025-04-30,Cancelled,Monthly
S00413,C0358,P003,2023-02-13,2023-06-27,Expired,Monthly
S00414,C0358,P003,2024-05-08,,Active,Annual
S00415,C0359,P003,2024-01-16,2024-10-01,Expired,Monthly
S00416,C0360,P002,2023-05-25,2024-01-05,Expired,Monthly
S00417,C0361,P003,2023-12-29,,Active,Monthly
S00418,C0362,P002,2025-12-09,2026-12-24,Expired,Monthly
S00419,C0363,P002,2025-12-24,,Active,Monthly
S00420,C0364,P003,2023-12-21,2025-02-22,Expired,Monthly
S00421,C0364,P001,2024-06-30,,Active,Annual
S00422,C0365,P001,2025-03-10,2026-04-17,Expired,Annual
S00423,C0365,P002,2025-09-22,2026-08-22,Expired,Annual
S00424,C0366,P002,2026-04-02,,Active,Monthly
S00425,C0367,P004,2026-03-10,2027-02-13,Cancelled,Annual
S00426,C0368,P001,2025-04-05,,Active,Annual
S00427,C0369,P003,2026-02-25,,Active,Annual
S00428,C0370,P004,2024-02-02,,Active,Annual
S00429,C0371,P002,2025-05-29,,Active,Annual
S00430,C0372,P001,2024-04-07,,Active,Monthly
S00431,C0373,P003,2025-03-18,2025-08-06,Expired,Monthly
S00432,C0374,P002,2023-07-06,,Active,Monthly
S00433,C0375,P002,2025-01-01,,Active,Monthly
S00434,C0376,P002,2024-03-04,,Active,Annual
S00435,C0377,P002,2025-05-07,,Active,Annual
S00436,C0378,P002,2023-08-25,,Active,Monthly
S00437,C0379,P002,2025-02-09,,Active,Monthly
S00438,C0380,P001,2025-01-27,,Active,Monthly
S00439,C0381,P001,2023-05-16,,Active,Monthly
S00440,C0382,P003,2025-03-02,2025-07-07,Cancelled,Monthly
S00441,C0382,P002,2025-08-19,,Active,Monthly
S00442,C0383,P001,2023-06-20,,Active,Monthly
S00443,C0384,P002,2023-06-08,,Active,Monthly
S00444,C0385,P002,2023-07-20,2023-12-19,Cancelled,Annual
S00445,C0385,P001,2024-08-23,,Active,Annual
S00446,C0386,P001,2025-08-19,,Active,Monthly
S00447,C0387,P002,2024-08-05,,Active,Monthly
S00448,C0388,P001,2025-05-25,2026-09-12,Cancelled,Annual
S00449,C0389,P002,2024-01-06,2024-12-30,Expired,Monthly
S00450,C0389,P001,2025-04-08,,Active,Annual
S00451,C0390,P002,2023-04-13,,Active,Monthly
S00452,C0391,P003,2025-09-28,2026-08-07,Cancelled,Monthly
S00453,C0392,P002,2026-02-22,,Active,Monthly
S00454,C0393,P002,2025-09-02,,Active,Monthly
S00455,C0394,P002,2025-03-08,,Active,Monthly
S00456,C0395,P003,2024-10-19,,Active,Annual
S00457,C0396,P002,2025-05-31,2026-09-07,Cancelled,Monthly
S00458,C0397,P002,2025-01-02,,Active,Annual
S00459,C0398,P002,2024-02-27,,Active,Monthly
S00460,C0399,P002,2024-07-25,,Active,Monthly
S00461,C0400,P001,2023-06-20,,Active,Monthly
S00462,C0401,P001,2023-06-22,2024-06-23,Expired,Monthly
S00463,C0401,P003,2024-10-16,,Active,Monthly
S00464,C0402,P001,2024-10-24,2025-11-30,Cancelled,Annual
S00465,C0403,P001,2024-03-28,,Active,Annual
S00466,C0404,P003,2023-12-16,,Active,Monthly
S00467,C0405,P002,2024-05-08,,Active,Monthly
S00468,C0406,P002,2024-09-11,,Active,Monthly
S00469,C0407,P003,2025-10-24,,Active,Monthly
S00470,C0408,P002,2026-01-21,,Active,Monthly
S00471,C0409,P002,2025-07-07,,Active,Annual
S00472,C0410,P001,2023-01-06,,Active,Annual
S00473,C0411,P004,2023-10-15,2024-10-11,Expired,Monthly
S00474,C0412,P004,2026-03-15,,Active,Monthly
S00475,C0413,P002,2024-08-30,,Active,Monthly
S00476,C0414,P003,2024-04-01,,Active,Monthly
S00477,C0415,P004,2025-10-26,,Active,Monthly
S00478,C0416,P001,2024-09-15,2025-05-31,Cancelled,Monthly
S00479,C0417,P003,2024-01-11,,Active,Monthly
S00480,C0418,P003,2024-03-22,2024-07-27,Expired,Monthly
S00481,C0419,P003,2025-04-14,,Active,Annual
S00482,C0420,P003,2026-02-03,,Active,Annual
S00483,C0421,P002,2025-03-21,2026-03-19,Expired,Monthly
S00484,C0421,P002,2025-10-29,2026-08-01,Cancelled,Monthly
S00485,C0422,P002,2026-01-24,,Active,Annual
S00486,C0423,P003,2025-08-16,2026-04-17,Expired,Monthly
S00487,C0423,P001,2026-05-29,,Active,Annual
S00488,C0424,P002,2025-04-28,2026-08-25,Expired,Monthly
S00489,C0424,P004,2026-02-05,,Active,Annual
S00490,C0425,P002,2025-03-19,,Active,Monthly
S00491,C0426,P002,2025-09-05,2026-04-10,Expired,Monthly
S00492,C0427,P001,2024-02-20,2024-07-06,Expired,Annual
S00493,C0427,P004,2024-08-17,,Active,Annual
S00494,C0428,P002,2024-12-26,,Active,Annual
S00495,C0429,P003,2024-03-29,2024-08-21,Cancelled,Annual
S00496,C0429,P002,2024-10-23,2025-06-29,Cancelled,Annual
S00497,C0430,P002,2023-05-30,,Active,Monthly
S00498,C0431,P003,2025-01-28,2025-09-05,Expired,Monthly
S00499,C0432,P002,2025-02-17,,Active,Monthly
S00500,C0433,P004,2025-08-30,,Active,Monthly
S00501,C0434,P001,2025-02-01,,Active,Monthly
S00502,C0435,P003,2025-09-28,2026-01-22,Cancelled,Annual
S00503,C0436,P001,2023-03-17,,Active,Annual
S00504,C0437,P001,2024-08-21,2025-02-06,Cancelled,Monthly
S00505,C0437,P001,2025-08-22,,Active,Monthly
S00506,C0438,P001,2023-08-13,2024-10-06,Cancelled,Monthly
S00507,C0438,P004,2024-04-05,,Active,Monthly
S00508,C0439,P001,2023-04-23,2024-09-03,Cancelled,Annual
S00509,C0440,P003,2023-09-08,2024-02-07,Expired,Monthly
S00510,C0441,P002,2025-04-20,,Active,Monthly
S00511,C0442,P002,2024-12-14,2025-03-15,Cancelled,Monthly
S00512,C0443,P002,2026-01-11,2026-10-22,Cancelled,Monthly
S00513,C0444,P002,2023-05-05,2023-10-02,Expired,Annual
S00514,C0445,P001,2026-04-13,,Active,Monthly
S00515,C0446,P002,2025-12-28,2026-05-13,Expired,Annual
S00516,C0447,P002,2025-12-06,,Active,Monthly
S00517,C0448,P002,2025-06-02,2026-09-08,Expired,Monthly
S00518,C0449,P001,2023-01-30,,Active,Monthly
S00519,C0450,P002,2023-10-08,,Active,Monthly
S00520,C0451,P001,2025-07-12,,Active,Monthly
S00521,C0452,P001,2024-01-03,,Active,Annual
S00522,C0453,P001,2024-05-09,,Active,Monthly
S00523,C0454,P001,2025-11-14,,Active,Monthly
S00524,C0455,P001,2024-12-18,2025-05-23,Cancelled,Monthly
S00525,C0456,P003,2025-10-13,,Active,Monthly
S00526,C0457,P002,2024-08-28,,Active,Monthly
S00527,C0458,P002,2024-01-10,2024-05-19,Expired,Annual
S00528,C0459,P002,2024-09-30,,Active,Monthly
S00529,C0460,P003,2025-11-14,,Active,Monthly
S00530,C0461,P002,2023-04-26,,Active,Annual
S00531,C0462,P001,2023-02-17,,Active,Monthly
S00532,C0463,P002,2023-04-09,,Active,Monthly
S00533,C0464,P001,2024-02-09,,Active,Monthly
S00534,C0465,P001,2024-11-15,,Active,Annual
S00535,C0466,P003,2025-06-21,,Active,Monthly
S00536,C0467,P001,2024-05-17,2025-09-20,Expired,Monthly
S00537,C0468,P003,2025-06-12,2026-01-19,Expired,Monthly
S00538,C0469,P002,2023-09-15,,Active,Monthly
S00539,C0470,P002,2025-04-23,2026-08-30,Expired,Annual
S00540,C0471,P001,2023-05-01,,Active,Monthly
S00541,C0472,P003,2025-03-20,,Active,Annual
S00542,C0473,P002,2025-09-04,2026-07-16,Cancelled,Monthly
S00543,C0473,P001,2026-05-22,,Active,Monthly
S00544,C0474,P003,2023-02-23,2023-08-16,Expired,Monthly
S00545,C0474,P001,2024-04-15,,Active,Annual
S00546,C0475,P001,2025-10-15,,Active,Monthly
S00547,C0476,P003,2025-02-22,,Active,Annual
S00548,C0477,P002,2023-08-29,,Active,Monthly
S00549,C0478,P002,2024-04-27,,Active,Annual
S00550,C0479,P002,2025-10-09,2026-02-06,Cancelled,Annual
S00551,C0480,P001,2023-07-06,2024-09-09,Expired,Annual
S00552,C0480,P001,2024-05-04,2024-10-20,Expired,Monthly
S00553,C0481,P002,2024-10-17,,Active,Annual
S00554,C0482,P002,2023-09-19,2024-09-25,Cancelled,Annual
S00555,C0483,P001,2025-08-10,,Active,Monthly
S00556,C0484,P004,2024-05-05,2025-06-19,Expired,Monthly
S00557,C0484,P002,2024-09-26,,Active,Monthly
S00558,C0485,P002,2024-03-06,,Active,Annual
S00559,C0486,P003,2023-08-27,,Active,Monthly
S00560,C0487,P002,2023-10-31,,Active,Monthly
S00561,C0488,P004,2023-10-25,2024-03-26,Cancelled,Monthly
S00562,C0489,P002,2023-03-17,2023-07-17,Cancelled,Annual
S00563,C0490,P002,2025-09-25,2026-12-05,Cancelled,Monthly
S00564,C0490,P002,2026-05-18,,Active,Monthly
S00565,C0491,P003,2024-10-03,2025-02-23,Cancelled,Annual
S00566,C0492,P001,2025-04-06,,Active,Annual
S00567,C0493,P002,2023-10-10,,Active,Annual
S00568,C0494,P003,2024-08-13,2025-03-26,Cancelled,Annual
S00569,C0495,P002,2023-03-13,,Active,Monthly
S00570,C0496,P002,2024-12-03,,Active,Annual
S00571,C0497,P003,2024-07-28,,Active,Monthly
S00572,C0498,P002,2025-09-26,,Active,Monthly
S00573,C0499,P001,2025-06-10,,Active,Monthly
S00574,C0500,P001,2023-01-12,2023-10-23,Expired,Annual
S00575,C0500,P003,2024-04-06,2025-04-26,Expired,Monthly
S00576,C0501,P001,2023-05-21,2024-01-08,Cancelled,Monthly
S00577,C0501,P002,2024-09-16,,Active,Monthly
S00578,C0502,P001,2023-01-17,2023-07-29,Expired,Monthly
S00579,C0502,P001,2023-11-07,2024-09-02,Expired,Monthly
S00580,C0503,P002,2025-12-22,,Active,Monthly
S00581,C0504,P002,2023-09-10,,Active,Annual
S00582,C0505,P002,2024-04-09,2024-07-29,Expired,Annual
S00583,C0506,P004,2024-01-11,,Active,Monthly
S00584,C0507,P002,2025-09-07,,Active,Monthly
S00585,C0508,P002,2024-06-03,2025-10-08,Cancelled,Monthly
S00586,C0508,P001,2025-01-20,,Active,Annual
S00587,C0509,P004,2023-03-31,2023-09-02,Cancelled,Monthly
S00588,C0509,P001,2023-10-12,,Active,Monthly
S00589,C0510,P004,2024-12-20,,Active,Monthly
S00590,C0511,P001,2025-03-14,,Active,Monthly
S00591,C0512,P002,2025-03-06,,Active,Annual
S00592,C0513,P003,2024-09-21,2025-01-17,Expired,Monthly
S00593,C0513,P001,2025-01-23,,Active,Monthly
S00594,C0514,P004,2026-04-13,,Active,Monthly
S00595,C0515,P002,2023-03-17,2023-06-21,Expired,Monthly
S00596,C0516,P001,2025-07-14,2026-11-18,Cancelled,Annual
S00597,C0516,P003,2026-07-02,,Active,Monthly
S00598,C0517,P003,2024-02-04,2024-09-24,Expired,Monthly
S00599,C0517,P001,2025-01-22,,Active,Monthly
S00600,C0518,P003,2025-08-27,,Active,Monthly
S00601,C0519,P001,2025-12-30,2026-11-01,Cancelled,Monthly
S00602,C0520,P001,2026-02-21,,Active,Monthly
S00603,C0521,P002,2025-03-07,2025-07-28,Expired,Annual
S00604,C0521,P002,2025-08-08,2026-03-06,Expired,Monthly
S00605,C0522,P002,2023-07-14,2024-04-19,Expired,Monthly
S00606,C0523,P002,2023-08-16,2024-02-26,Expired,Monthly
S00607,C0523,P003,2024-05-24,2024-12-10,Expired,Monthly
S00608,C0524,P002,2024-04-05,2024-12-19,Expired,Annual
S00609,C0524,P002,2025-04-30,,Active,Monthly
S00610,C0525,P001,2024-09-09,,Active,Monthly
S00611,C0526,P002,2025-11-10,2026-08-11,Expired,Annual
S00612,C0527,P001,2023-03-05,,Active,Monthly
S00613,C0528,P003,2023-06-14,,Active,Monthly
S00614,C0529,P001,2023-01-27,,Active,Monthly
S00615,C0530,P002,2025-10-08,,Active,Annual
S00616,C0531,P002,2023-10-12,,Active,Monthly
S00617,C0532,P003,2023-10-08,2024-02-09,Cancelled,Annual
S00618,C0533,P002,2025-04-17,,Active,Monthly
S00619,C0534,P001,2025-04-10,,Active,Monthly
S00620,C0535,P002,2026-04-02,2027-02-20,Expired,Annual
S00621,C0536,P002,2025-07-06,2026-04-22,Expired,Monthly
S00622,C0537,P004,2023-08-12,2024-12-09,Cancelled,Monthly
S00623,C0538,P003,2025-02-22,,Active,Annual
S00624,C0539,P002,2026-03-15,,Active,Annual
S00625,C0540,P002,2025-08-22,2026-06-12,Cancelled,Monthly
S00626,C0541,P002,2025-08-07,,Active,Monthly
S00627,C0542,P004,2025-11-19,,Active,Annual
S00628,C0543,P001,2023-02-14,,Active,Monthly
S00629,C0544,P003,2024-04-15,,Active,Annual
S00630,C0545,P001,2023-02-03,2023-12-10,Cancelled,Annual
S00631,C0545,P001,2023-10-08,,Active,Monthly
S00632,C0546,P004,2024-10-14,,Active,Monthly
S00633,C0547,P002,2025-04-09,2026-07-23,Cancelled,Monthly
S00634,C0548,P001,2023-08-09,,Active,Monthly
S00635,C0549,P002,2024-06-17,,Active,Monthly
S00636,C0550,P002,2024-11-22,2025-05-25,Cancelled,Monthly
S00637,C0550,P002,2025-10-11,,Active,Annual
S00638,C0551,P003,2025-07-20,,Active,Annual
S00639,C0552,P002,2025-04-20,2026-03-24,Expired,Monthly
S00640,C0553,P003,2025-10-07,2026-05-14,Cancelled,Monthly
S00641,C0553,P002,2026-06-24,,Active,Monthly
S00642,C0554,P003,2024-08-04,,Active,Monthly
S00643,C0555,P002,2026-02-13,,Active,Annual
S00644,C0556,P002,2023-08-27,,Active,Annual
S00645,C0557,P001,2024-03-16,,Active,Annual
S00646,C0558,P003,2023-05-28,,Active,Monthly
S00647,C0559,P003,2025-10-29,,Active,Monthly
S00648,C0560,P001,2024-01-23,,Active,Annual
S00649,C0561,P003,2025-12-09,2026-04-09,Cancelled,Annual
S00650,C0562,P002,2025-07-04,2025-12-26,Cancelled,Monthly
S00651,C0563,P004,2024-09-29,,Active,Monthly
S00652,C0564,P002,2023-10-05,,Active,Monthly
S00653,C0565,P001,2025-09-15,,Active,Monthly
S00654,C0566,P002,2024-08-11,,Active,Monthly
S00655,C0567,P003,2024-10-10,,Active,Annual
S00656,C0568,P003,2024-09-09,2025-12-17,Cancelled,Monthly
S00657,C0568,P002,2025-03-15,,Active,Monthly
S00658,C0569,P003,2023-05-15,,Active,Monthly
S00659,C0570,P003,2024-08-02,,Active,Annual
S00660,C0571,P002,2026-03-16,,Active,Monthly
S00661,C0572,P002,2024-05-04,,Active,Monthly
S00662,C0573,P002,2024-04-22,,Active,Monthly
S00663,C0574,P001,2026-03-28,,Active,Monthly
S00664,C0575,P004,2024-01-19,2024-08-18,Cancelled,Annual
S00665,C0576,P004,2023-06-12,,Active,Monthly
S00666,C0577,P002,2024-03-16,,Active,Annual
S00667,C0578,P002,2024-02-19,2024-07-18,Expired,Monthly
S00668,C0579,P002,2023-10-15,2024-07-17,Cancelled,Monthly
S00669,C0579,P001,2024-12-14,,Active,Annual
S00670,C0580,P002,2023-07-06,2023-11-06,Expired,Monthly
S00671,C0581,P002,2026-03-07,,Active,Annual
S00672,C0582,P002,2023-05-10,2024-07-23,Cancelled,Monthly
S00673,C0582,P003,2024-07-23,,Active,Monthly
S00674,C0583,P004,2023-07-13,,Active,Monthly
S00675,C0584,P001,2023-11-12,,Active,Monthly
S00676,C0585,P002,2023-05-24,,Active,Monthly
S00677,C0586,P003,2023-01-16,,Active,Monthly
S00678,C0587,P002,2024-02-27,,Active,Annual
S00679,C0588,P002,2023-09-02,,Active,Monthly
S00680,C0589,P001,2025-07-15,2026-09-23,Cancelled,Monthly
S00681,C0589,P003,2026-05-30,,Active,Annual
S00682,C0590,P001,2026-02-04,2026-12-02,Expired,Annual
S00683,C0590,P004,2026-06-21,,Active,Annual
S00684,C0591,P002,2026-01-16,,Active,Monthly
S00685,C0592,P002,2023-05-09,,Active,Monthly
S00686,C0593,P002,2025-06-25,,Active,Monthly
S00687,C0594,P001,2025-06-05,,Active,Monthly
S00688,C0595,P003,2023-12-07,,Active,Monthly
S00689,C0596,P001,2023-01-04,,Active,Monthly
S00690,C0597,P001,2023-11-02,2024-07-02,Expired,Monthly
S00691,C0598,P001,2025-06-26,,Active,Monthly
S00692,C0599,P002,2024-08-29,2025-02-08,Cancelled,Monthly
S00693,C0600,P002,2025-09-18,2026-11-15,Expired,Monthly
S00694,C0601,P002,2023-11-17,2024-08-16,Cancelled,Monthly
S00695,C0601,P001,2025-03-03,2026-02-20,Expired,Annual
S00696,C0602,P002,2024-07-12,2025-06-16,Cancelled,Annual
S00697,C0603,P001,2024-09-09,,Active,Monthly
S00698,C0604,P004,2024-12-11,,Active,Annual
S00699,C0605,P001,2026-02-05,,Active,Annual
S00700,C0606,P002,2024-06-14,2025-05-12,Expired,Monthly
S00701,C0607,P002,2024-02-14,,Active,Annual
S00702,C0608,P003,2025-03-28,2025-09-22,Cancelled,Annual
S00703,C0608,P002,2026-07-07,2027-10-21,Cancelled,Monthly
S00704,C0609,P001,2026-04-09,,Active,Annual
S00705,C0610,P003,2024-05-07,2024-10-12,Expired,Monthly
S00706,C0610,P001,2025-02-28,,Active,Monthly
S00707,C0611,P003,2023-01-12,,Active,Monthly
S00708,C0612,P001,2023-07-14,2023-11-11,Cancelled,Annual
S00709,C0613,P003,2024-05-04,2025-01-19,Expired,Monthly
S00710,C0613,P001,2024-11-20,2026-03-27,Expired,Monthly
S00711,C0614,P003,2025-03-05,,Active,Monthly
S00712,C0615,P002,2025-05-30,,Active,Annual
S00713,C0616,P002,2023-07-01,2024-05-06,Cancelled,Monthly
S00714,C0616,P002,2024-05-22,,Active,Monthly
S00715,C0617,P002,2025-08-19,2025-12-04,Cancelled,Monthly
S00716,C0618,P002,2024-10-17,,Active,Annual
S00717,C0619,P004,2024-11-24,,Active,Annual
S00718,C0620,P003,2023-01-30,2023-08-19,Cancelled,Monthly
S00719,C0620,P004,2024-01-05,,Active,Monthly
S00720,C0621,P003,2026-01-24,2026-12-10,Expired,Annual
S00721,C0621,P002,2026-06-29,,Active,Monthly
S00722,C0622,P003,2025-02-16,,Active,Annual
S00723,C0623,P003,2024-03-19,2025-01-10,Cancelled,Monthly
S00724,C0623,P003,2024-12-05,,Active,Monthly
S00725,C0624,P002,2023-10-25,2024-04-08,Cancelled,Monthly
S00726,C0625,P004,2025-03-18,2025-07-17,Cancelled,Monthly
S00727,C0626,P002,2025-04-24,,Active,Monthly
S00728,C0627,P002,2025-10-12,,Active,Monthly
S00729,C0628,P001,2024-07-07,,Active,Annual
S00730,C0629,P003,2023-10-30,,Active,Annual
S00731,C0630,P004,2024-02-25,2024-08-20,Cancelled,Monthly
S00732,C0630,P003,2025-01-24,,Active,Monthly
S00733,C0631,P002,2023-07-04,,Active,Monthly
S00734,C0632,P001,2024-04-12,,Active,Monthly
S00735,C0633,P002,2025-01-23,,Active,Monthly
S00736,C0634,P002,2023-12-29,,Active,Monthly
S00737,C0635,P003,2023-12-02,,Active,Monthly
S00738,C0636,P001,2023-06-11,2023-11-08,Expired,Monthly
S00739,C0637,P002,2026-03-29,2026-09-02,Expired,Monthly
S00740,C0637,P001,2026-05-13,,Active,Annual
S00741,C0638,P001,2023-01-12,,Active,Monthly
S00742,C0639,P003,2026-01-01,2026-08-17,Expired,Annual
S00743,C0639,P002,2026-07-08,2026-12-01,Cancelled,Monthly
S00744,C0640,P003,2024-08-10,,Active,Annual
S00745,C0641,P003,2023-07-20,,Active,Annual
S00746,C0642,P003,2024-06-05,2024-10-15,Cancelled,Monthly
S00747,C0643,P004,2024-05-19,,Active,Annual
S00748,C0644,P002,2025-02-26,2026-01-16,Expired,Monthly
S00749,C0645,P002,2025-11-28,,Active,Monthly
S00750,C0646,P002,2023-03-01,2024-02-24,Cancelled,Annual
S00751,C0646,P001,2023-07-13,,Active,Monthly
S00752,C0647,P002,2024-07-31,,Active,Annual
S00753,C0648,P002,2023-11-17,2024-08-29,Expired,Monthly
S00754,C0649,P001,2025-07-11,2026-06-20,Expired,Annual
S00755,C0649,P002,2026-04-05,,Active,Annual
S00756,C0650,P003,2024-07-22,,Active,Annual
S00757,C0651,P001,2026-01-06,,Active,Annual
S00758,C0652,P003,2024-06-10,,Active,Monthly
S00759,C0653,P001,2024-06-07,,Active,Annual
S00760,C0654,P001,2024-09-04,,Active,Monthly
S00761,C0655,P002,2026-03-25,2027-01-25,Expired,Annual
S00762,C0656,P002,2023-05-05,,Active,Annual
S00763,C0657,P004,2025-05-20,2025-10-28,Expired,Annual
S00764,C0657,P004,2025-10-15,2026-09-22,Cancelled,Monthly
S00765,C0658,P003,2023-10-07,,Active,Annual
S00766,C0659,P002,2025-07-05,,Active,Monthly
S00767,C0660,P003,2024-09-13,2025-09-28,Expired,Annual
S00768,C0660,P002,2025-06-02,,Active,Monthly
S00769,C0661,P002,2025-04-25,,Active,Monthly
S00770,C0662,P002,2024-11-04,,Active,Annual
S00771,C0663,P002,2026-02-25,,Active,Monthly
S00772,C0664,P003,2023-11-10,2024-10-30,Expired,Monthly
S00773,C0665,P004,2023-11-28,,Active,Annual
S00774,C0666,P003,2026-03-19,2027-01-12,Cancelled,Annual
S00775,C0667,P001,2023-02-05,,Active,Monthly
S00776,C0668,P002,2025-11-11,,Active,Monthly
S00777,C0669,P003,2023-07-25,,Active,Monthly
S00778,C0670,P002,2024-09-30,,Active,Monthly
S00779,C0671,P001,2025-04-27,,Active,Monthly
S00780,C0672,P002,2024-03-15,,Active,Monthly
S00781,C0673,P002,2024-12-29,,Active,Annual
S00782,C0674,P003,2026-01-24,,Active,Monthly
S00783,C0675,P001,2025-07-29,,Active,Annual
S00784,C0676,P001,2023-06-13,,Active,Monthly
S00785,C0677,P002,2023-05-28,,Active,Annual
S00786,C0678,P003,2023-10-21,,Active,Monthly
S00787,C0679,P001,2023-07-14,,Active,Monthly
S00788,C0680,P004,2024-10-24,,Active,Monthly
S00789,C0681,P002,2024-04-24,2024-08-04,Expired,Monthly
S00790,C0682,P003,2023-05-03,,Active,Monthly
S00791,C0683,P002,2024-11-29,2026-01-31,Cancelled,Monthly
S00792,C0684,P002,2025-08-22,,Active,Monthly
S00793,C0685,P001,2024-10-22,2025-03-07,Expired,Annual
S00794,C0686,P003,2026-02-01,2027-06-10,Expired,Monthly
S00795,C0687,P001,2024-12-10,,Active,Monthly
S00796,C0688,P001,2024-01-31,2025-01-15,Expired,Annual
S00797,C0689,P002,2025-06-30,,Active,Monthly
S00798,C0690,P002,2025-10-01,,Active,Annual
S00799,C0691,P004,2026-03-11,,Active,Monthly
S00800,C0692,P002,2023-11-13,,Active,Monthly
S00801,C0693,P002,2024-11-11,2025-09-07,Cancelled,Monthly
S00802,C0694,P003,2024-05-09,,Active,Monthly
S00803,C0695,P002,2024-07-09,2025-08-03,Expired,Monthly
S00804,C0696,P003,2024-09-01,,Active,Monthly
S00805,C0697,P001,2023-04-19,,Active,Monthly
S00806,C0698,P002,2024-01-07,2025-01-24,Expired,Annual
S00807,C0699,P002,2025-05-04,,Active,Monthly
S00808,C0700,P004,2024-09-07,,Active,Monthly
S00809,C0701,P003,2025-02-06,,Active,Monthly
S00810,C0702,P003,2023-07-25,,Active,Monthly
S00811,C0703,P004,2025-04-26,,Active,Annual
S00812,C0704,P001,2023-02-12,,Active,Annual
S00813,C0705,P002,2025-05-14,,Active,Monthly
S00814,C0706,P003,2025-02-23,,Active,Annual
S00815,C0707,P003,2024-04-20,,Active,Monthly
S00816,C0708,P003,2023-03-24,,Active,Monthly
S00817,C0709,P001,2026-02-07,,Active,Annual
S00818,C0710,P004,2023-07-09,2024-10-02,Cancelled,Annual
S00819,C0710,P002,2024-10-05,,Active,Annual
S00820,C0711,P003,2025-03-10,2025-09-10,Expired,Monthly
S00821,C0712,P002,2025-07-24,,Active,Monthly
S00822,C0713,P002,2023-09-08,2024-02-28,Expired,Monthly
S00823,C0713,P002,2024-03-23,,Active,Monthly
S00824,C0714,P003,2023-10-18,2024-10-11,Expired,Monthly
S00825,C0714,P002,2024-10-25,,Active,Annual
S00826,C0715,P003,2023-11-22,2024-05-24,Cancelled,Annual
S00827,C0716,P001,2025-04-16,,Active,Monthly
S00828,C0717,P002,2024-05-22,2025-09-13,Expired,Monthly
S00829,C0717,P001,2025-05-30,,Active,Annual
S00830,C0718,P002,2024-12-31,,Active,Annual
S00831,C0719,P003,2023-03-13,2023-09-04,Cancelled,Annual
S00832,C0719,P002,2023-10-02,,Active,Monthly
S00833,C0720,P002,2024-10-02,,Active,Monthly
S00834,C0721,P001,2025-07-28,2026-07-04,Expired,Monthly
S00835,C0721,P002,2026-03-11,2026-09-05,Cancelled,Monthly
S00836,C0722,P002,2024-08-30,,Active,Annual
S00837,C0723,P002,2024-07-19,2025-08-01,Expired,Monthly
S00838,C0724,P001,2023-02-23,,Active,Annual
S00839,C0725,P001,2024-06-11,,Active,Annual
S00840,C0726,P002,2024-09-02,,Active,Monthly
S00841,C0727,P002,2023-07-12,,Active,Monthly
S00842,C0728,P002,2023-02-27,,Active,Monthly
S00843,C0729,P002,2026-02-08,,Active,Annual
S00844,C0730,P003,2023-05-09,2024-03-08,Cancelled,Annual
S00845,C0731,P002,2024-12-06,2025-09-08,Cancelled,Monthly
S00846,C0732,P003,2025-05-01,,Active,Monthly
S00847,C0733,P002,2023-01-08,,Active,Annual
S00848,C0734,P002,2023-01-29,,Active,Annual
S00849,C0735,P002,2026-02-09,2027-01-01,Expired,Monthly
S00850,C0736,P001,2025-08-04,,Active,Monthly
S00851,C0737,P002,2023-05-11,,Active,Monthly
S00852,C0738,P003,2023-07-07,,Active,Monthly
S00853,C0739,P004,2024-12-09,,Active,Annual
S00854,C0740,P002,2023-07-31,,Active,Annual
S00855,C0741,P002,2023-10-03,,Active,Monthly
S00856,C0742,P003,2026-01-01,,Active,Monthly
S00857,C0743,P003,2023-08-31,,Active,Annual
S00858,C0744,P001,2026-01-30,,Active,Monthly
S00859,C0745,P002,2025-09-13,,Active,Annual
S00860,C0746,P001,2024-11-15,,Active,Monthly
S00861,C0747,P003,2023-06-20,2024-02-16,Expired,Monthly
S00862,C0748,P002,2024-10-14,2025-06-10,Cancelled,Monthly
S00863,C0749,P002,2023-07-07,2024-08-25,Cancelled,Annual
S00864,C0750,P003,2026-01-14,,Active,Annual
S00865,C0751,P001,2023-02-21,,Active,Monthly
S00866,C0752,P004,2023-04-21,,Active,Annual
S00867,C0753,P002,2025-05-26,2026-01-30,Cancelled,Annual
S00868,C0753,P002,2026-02-07,,Active,Annual
S00869,C0754,P002,2025-12-02,,Active,Monthly
S00870,C0755,P002,2023-07-30,,Active,Annual
S00871,C0756,P001,2025-05-07,,Active,Annual
S00872,C0757,P002,2024-09-18,,Active,Monthly
S00873,C0758,P002,2025-11-15,,Active,Monthly
S00874,C0759,P002,2023-10-26,,Active,Annual
S00875,C0760,P002,2026-01-05,,Active,Annual
S00876,C0761,P001,2025-07-12,,Active,Monthly
S00877,C0762,P001,2023-05-17,2024-08-13,Cancelled,Monthly
S00878,C0763,P002,2025-11-09,2026-09-23,Cancelled,Monthly
S00879,C0763,P001,2026-05-16,,Active,Monthly
S00880,C0764,P002,2024-03-15,2024-07-16,Expired,Annual
S00881,C0765,P003,2023-07-30,,Active,Monthly
S00882,C0766,P003,2025-01-21,,Active,Monthly
S00883,C0767,P002,2024-03-10,,Active,Annual
S00884,C0768,P002,2025-02-18,,Active,Monthly
S00885,C0769,P002,2024-03-14,,Active,Annual
S00886,C0770,P002,2024-10-27,2025-05-16,Cancelled,Monthly
S00887,C0770,P001,2026-01-15,,Active,Monthly
S00888,C0771,P003,2025-12-01,,Active,Monthly
S00889,C0772,P002,2024-02-15,,Active,Annual
S00890,C0773,P001,2025-03-16,,Active,Monthly
S00891,C0774,P002,2024-09-01,,Active,Monthly
S00892,C0775,P002,2024-03-02,,Active,Annual
S00893,C0776,P001,2025-06-20,,Active,Monthly
S00894,C0777,P001,2025-07-30,2026-08-02,Expired,Monthly
S00895,C0778,P002,2025-01-11,,Active,Annual
S00896,C0779,P002,2023-11-24,,Active,Annual
S00897,C0780,P002,2023-02-21,,Active,Annual
S00898,C0781,P002,2024-01-11,,Active,Annual
S00899,C0782,P004,2023-09-20,,Active,Monthly
S00900,C0783,P002,2023-09-24,,Active,Annual
S00901,C0784,P003,2023-12-25,,Active,Monthly
S00902,C0785,P004,2024-10-13,2025-09-04,Expired,Monthly
S00903,C0785,P002,2025-11-13,,Active,Monthly
S00904,C0786,P001,2023-02-15,,Active,Monthly
S00905,C0787,P001,2024-08-22,,Active,Monthly
S00906,C0788,P001,2024-12-20,,Active,Monthly
S00907,C0789,P002,2024-08-23,,Active,Annual
S00908,C0790,P002,2024-01-16,,Active,Monthly
S00909,C0791,P002,2023-04-28,,Active,Annual
S00910,C0792,P003,2023-04-26,,Active,Monthly
S00911,C0793,P003,2023-09-17,,Active,Monthly
S00912,C0794,P003,2026-01-03,,Active,Monthly
S00913,C0795,P002,2023-11-01,,Active,Monthly
S00914,C0796,P003,2023-01-07,2023-07-15,Cancelled,Monthly
S00915,C0796,P001,2024-01-07,,Active,Monthly
S00916,C0797,P003,2024-01-01,2025-02-22,Cancelled,Monthly
S00917,C0797,P001,2025-01-18,,Active,Monthly
S00918,C0798,P002,2024-06-06,2024-11-02,Expired,Monthly
S00919,C0799,P003,2024-03-04,,Active,Monthly
S00920,C0800,P002,2025-03-01,,Active,Monthly
S00921,C0801,P001,2025-01-16,2025-06-03,Cancelled,Annual
S00922,C0802,P003,2024-01-02,,Active,Annual
S00923,C0803,P001,2023-11-09,,Active,Monthly
S00924,C0804,P002,2024-06-21,,Active,Monthly
S00925,C0805,P002,2025-07-09,2026-03-31,Cancelled,Monthly
S00926,C0806,P001,2025-12-13,2027-02-25,Expired,Monthly
S00927,C0806,P003,2026-05-10,,Active,Monthly
S00928,C0807,P001,2025-05-14,,Active,Monthly
S00929,C0808,P002,2026-04-02,2027-07-18,Expired,Annual
S00930,C0809,P003,2025-02-20,,Active,Monthly
S00931,C0810,P002,2023-11-30,2024-04-24,Cancelled,Annual
S00932,C0810,P003,2025-03-31,,Active,Monthly
S00933,C0811,P002,2025-03-08,,Active,Annual
S00934,C0812,P002,2023-12-14,2024-06-25,Expired,Monthly
S00935,C0813,P002,2023-09-30,,Active,Monthly
S00936,C0814,P002,2025-08-20,,Active,Annual
S00937,C0815,P002,2024-12-20,2026-04-28,Expired,Monthly
S00938,C0816,P003,2024-05-14,,Active,Monthly
S00939,C0817,P003,2026-01-21,2027-02-18,Expired,Monthly
S00940,C0817,P003,2026-06-28,,Active,Monthly
S00941,C0818,P001,2024-11-15,,Active,Monthly
S00942,C0819,P002,2023-03-20,2024-01-02,Expired,Monthly
S00943,C0820,P001,2024-09-13,2025-10-08,Cancelled,Monthly
S00944,C0821,P002,2025-08-04,2026-08-23,Cancelled,Monthly
S00945,C0822,P004,2023-12-24,,Active,Monthly
S00946,C0823,P002,2024-09-09,2025-03-19,Cancelled,Monthly
S00947,C0824,P002,2024-05-21,2025-03-15,Cancelled,Monthly
S00948,C0824,P001,2024-09-27,,Active,Monthly
S00949,C0825,P004,2024-07-29,,Active,Annual
S00950,C0826,P004,2023-09-01,,Active,Monthly
S00951,C0827,P002,2024-05-20,2025-02-13,Expired,Annual
S00952,C0828,P002,2024-02-26,,Active,Monthly
S00953,C0829,P003,2026-01-15,2027-04-24,Expired,Monthly
S00954,C0830,P002,2023-08-05,,Active,Annual
S00955,C0831,P003,2025-10-05,,Active,Monthly
S00956,C0832,P001,2026-04-07,,Active,Monthly
S00957,C0833,P001,2023-11-26,,Active,Annual
S00958,C0834,P002,2024-10-11,,Active,Annual
S00959,C0835,P003,2024-01-26,,Active,Monthly
S00960,C0836,P002,2024-01-16,,Active,Annual
S00961,C0837,P002,2025-01-11,2025-07-04,Expired,Monthly
S00962,C0838,P001,2025-03-30,,Active,Monthly
S00963,C0839,P002,2024-11-03,,Active,Monthly
S00964,C0840,P002,2024-05-27,,Active,Monthly
S00965,C0841,P002,2025-08-06,2025-11-12,Expired,Annual
S00966,C0842,P003,2025-07-18,,Active,Monthly
S00967,C0843,P002,2025-07-01,,Active,Monthly
S00968,C0844,P003,2024-10-05,2025-12-05,Expired,Monthly
S00969,C0844,P001,2025-11-10,,Active,Monthly
S00970,C0845,P002,2024-03-02,,Active,Monthly
S00971,C0846,P001,2024-05-16,,Active,Monthly
S00972,C0847,P001,2024-12-30,,Active,Annual
S00973,C0848,P002,2023-03-12,,Active,Annual
S00974,C0849,P002,2024-04-22,,Active,Monthly
S00975,C0850,P003,2024-04-01,,Active,Annual
S00976,C0851,P004,2023-07-08,,Active,Monthly
S00977,C0852,P004,2023-10-18,,Active,Monthly
S00978,C0853,P002,2025-07-08,,Active,Annual
S00979,C0854,P003,2023-10-19,,Active,Monthly
S00980,C0855,P002,2025-01-25,,Active,Monthly
S00981,C0856,P002,2024-01-12,,Active,Monthly
S00982,C0857,P002,2026-03-25,,Active,Monthly
S00983,C0858,P001,2024-05-22,2025-03-31,Cancelled,Monthly
S00984,C0859,P002,2024-06-11,2025-10-10,Cancelled,Annual
S00985,C0859,P002,2024-10-11,,Active,Monthly
S00986,C0860,P002,2024-07-12,,Active,Annual
S00987,C0861,P003,2025-11-20,,Active,Monthly
S00988,C0862,P001,2023-09-17,,Active,Monthly
S00989,C0863,P001,2024-02-25,2024-06-29,Cancelled,Monthly
S00990,C0864,P003,2023-10-31,,Active,Annual
S00991,C0865,P002,2025-07-30,,Active,Monthly
S00992,C0866,P002,2025-11-28,2026-04-29,Cancelled,Annual
S00993,C0867,P002,2024-06-25,,Active,Monthly
S00994,C0868,P003,2025-12-25,2026-10-14,Expired,Annual
S00995,C0869,P002,2023-04-18,,Active,Monthly
S00996,C0870,P002,2023-09-25,2024-05-01,Expired,Annual
S00997,C0870,P001,2024-08-05,,Active,Monthly
S00998,C0871,P004,2023-08-10,,Active,Monthly
S00999,C0872,P003,2026-01-18,2027-01-09,Cancelled,Monthly
S01000,C0872,P002,2026-06-13,,Active,Annual
S01001,C0873,P003,2024-11-23,,Active,Monthly
S01002,C0874,P001,2023-09-12,2024-12-23,Expired,Annual
S01003,C0875,P002,2023-09-10,2025-01-15,Expired,Monthly
S01004,C0876,P002,2023-09-14,2024-11-16,Cancelled,Monthly
S01005,C0877,P003,2024-01-18,,Active,Annual
S01006,C0878,P003,2024-03-17,,Active,Annual
S01007,C0879,P003,2024-08-21,,Active,Annual
S01008,C0880,P001,2026-01-18,2026-09-06,Cancelled,Monthly
S01009,C0881,P002,2024-01-25,,Active,Monthly
S01010,C0882,P003,2024-08-04,,Active,Annual
S01011,C0883,P002,2025-12-03,,Active,Monthly
S01012,C0884,P003,2024-08-20,2025-02-28,Cancelled,Monthly
S01013,C0885,P001,2023-01-19,2024-05-22,Cancelled,Annual
S01014,C0885,P003,2023-06-19,,Active,Monthly
S01015,C0886,P003,2026-01-29,2027-05-06,Cancelled,Monthly
S01016,C0886,P002,2026-05-07,,Active,Annual
S01017,C0887,P004,2024-08-29,,Active,Annual
S01018,C0888,P001,2023-02-02,,Active,Annual
S01019,C0889,P002,2025-05-11,,Active,Monthly
S01020,C0890,P003,2023-06-04,2024-06-23,Cancelled,Monthly
S01021,C0891,P001,2025-06-23,2026-04-23,Expired,Monthly
S01022,C0892,P003,2024-02-09,,Active,Monthly
S01023,C0893,P003,2025-04-23,2025-08-21,Cancelled,Monthly
S01024,C0893,P004,2025-11-15,2027-01-12,Expired,Annual
S01025,C0894,P002,2026-03-30,2027-02-03,Expired,Annual
S01026,C0895,P002,2025-01-16,,Active,Monthly
S01027,C0896,P001,2026-02-14,2026-07-10,Expired,Monthly
S01028,C0896,P003,2026-05-08,2027-01-18,Expired,Monthly
S01029,C0897,P001,2023-09-28,2024-09-03,Cancelled,Monthly
S01030,C0898,P002,2025-02-08,,Active,Monthly
S01031,C0899,P002,2023-06-21,,Active,Annual
S01032,C0900,P001,2023-10-01,2024-07-26,Expired,Monthly
S01033,C0901,P001,2023-09-16,,Active,Annual
S01034,C0902,P001,2026-03-04,2026-09-25,Expired,Monthly
S01035,C0903,P002,2024-02-26,,Active,Monthly
S01036,C0904,P001,2023-12-30,,Active,Monthly
S01037,C0905,P003,2024-01-13,,Active,Annual
S01038,C0906,P002,2024-08-02,2025-09-25,Expired,Monthly
S01039,C0906,P001,2025-03-26,,Active,Annual
S01040,C0907,P003,2025-06-09,,Active,Annual
S01041,C0908,P003,2024-12-22,2025-08-30,Cancelled,Annual
S01042,C0909,P002,2025-05-30,,Active,Annual
S01043,C0910,P001,2026-01-26,2026-06-11,Cancelled,Annual
S01044,C0910,P002,2026-05-29,,Active,Annual
S01045,C0911,P004,2024-08-27,,Active,Monthly
S01046,C0912,P001,2023-01-22,,Active,Annual
S01047,C0913,P001,2026-04-10,,Active,Monthly
S01048,C0914,P003,2024-01-18,,Active,Monthly
S01049,C0915,P002,2023-05-14,,Active,Monthly
S01050,C0916,P001,2025-11-14,,Active,Monthly
S01051,C0917,P003,2024-05-17,2025-09-18,Cancelled,Annual
S01052,C0917,P004,2025-04-20,2026-03-16,Expired,Monthly
S01053,C0918,P001,2026-01-13,2026-06-20,Cancelled,Monthly
S01054,C0918,P004,2026-05-20,,Active,Monthly
S01055,C0919,P002,2023-05-24,,Active,Monthly
S01056,C0920,P003,2023-08-12,,Active,Annual
S01057,C0921,P002,2023-08-08,,Active,Monthly
S01058,C0922,P003,2023-06-28,,Active,Monthly
S01059,C0923,P001,2024-03-08,,Active,Monthly
S01060,C0924,P003,2023-09-22,,Active,Annual
S01061,C0925,P002,2025-08-11,2025-11-22,Expired,Monthly
S01062,C0926,P001,2024-03-04,,Active,Annual
S01063,C0927,P002,2024-02-20,,Active,Monthly
S01064,C0928,P003,2024-12-27,,Active,Monthly
S01065,C0929,P003,2023-07-16,,Active,Annual
S01066,C0930,P002,2025-12-12,,Active,Monthly
S01067,C0931,P004,2024-04-24,,Active,Monthly
S01068,C0932,P002,2025-06-08,,Active,Annual
S01069,C0933,P001,2025-07-13,,Active,Annual
S01070,C0934,P002,2023-05-03,,Active,Annual
S01071,C0935,P001,2025-02-16,2025-05-18,Cancelled,Annual
S01072,C0935,P001,2026-04-23,2026-08-03,Cancelled,Annual
S01073,C0936,P001,2023-12-14,,Active,Monthly
S01074,C0937,P002,2023-01-29,2024-04-06,Expired,Monthly
S01075,C0938,P004,2025-09-01,,Active,Monthly
S01076,C0939,P003,2023-02-04,,Active,Annual
S01077,C0940,P001,2024-09-14,2025-02-03,Cancelled,Monthly
S01078,C0940,P001,2025-03-24,,Active,Monthly
S01079,C0941,P002,2024-08-11,,Active,Monthly
S01080,C0942,P001,2026-03-16,,Active,Annual
S01081,C0943,P002,2025-12-26,,Active,Monthly
S01082,C0944,P003,2025-06-22,,Active,Monthly
S01083,C0945,P003,2024-06-03,,Active,Annual
S01084,C0946,P003,2023-05-02,,Active,Monthly
S01085,C0947,P001,2023-12-06,,Active,Monthly
S01086,C0948,P002,2023-06-24,,Active,Monthly
S01087,C0949,P003,2024-08-19,,Active,Monthly
S01088,C0950,P002,2024-03-26,2024-08-13,Expired,Monthly
S01089,C0951,P003,2024-07-10,,Active,Monthly
S01090,C0952,P001,2026-03-05,,Active,Monthly
S01091,C0953,P002,2025-11-05,2027-01-08,Cancelled,Monthly
S01092,C0953,P001,2026-03-27,,Active,Annual
S01093,C0954,P003,2023-01-09,2024-04-11,Cancelled,Monthly
S01094,C0954,P002,2023-08-24,,Active,Monthly
S01095,C0955,P002,2023-11-30,,Active,Annual
S01096,C0956,P001,2025-10-13,2026-04-26,Cancelled,Monthly
S01097,C0957,P001,2023-11-23,,Active,Annual
S01098,C0958,P001,2023-01-15,2023-07-08,Expired,Monthly
S01099,C0959,P001,2025-04-18,,Active,Annual
S01100,C0960,P002,2023-08-14,2023-11-24,Expired,Annual
S01101,C0961,P004,2023-04-23,2024-01-28,Expired,Monthly
S01102,C0961,P002,2023-11-22,,Active,Annual
S01103,C0962,P001,2023-01-01,2023-07-25,Cancelled,Monthly
S01104,C0963,P002,2023-09-23,,Active,Annual
S01105,C0964,P001,2025-08-09,2026-09-27,Expired,Annual
S01106,C0964,P003,2026-06-30,2027-02-08,Cancelled,Monthly
S01107,C0965,P003,2023-11-02,,Active,Monthly
S01108,C0966,P003,2023-01-12,,Active,Monthly
S01109,C0967,P003,2025-07-25,,Active,Annual
S01110,C0968,P004,2024-02-24,,Active,Monthly
S01111,C0969,P002,2025-06-07,2026-09-02,Expired,Monthly
S01112,C0969,P001,2026-06-06,,Active,Monthly
S01113,C0970,P003,2023-06-20,,Active,Annual
S01114,C0971,P002,2023-05-14,,Active,Annual
S01115,C0972,P002,2025-08-22,,Active,Monthly
S01116,C0973,P002,2025-11-14,,Active,Monthly
S01117,C0974,P003,2026-03-10,2026-08-03,Expired,Annual
S01118,C0974,P004,2026-06-17,,Active,Monthly
S01119,C0975,P003,2024-10-19,2026-01-30,Expired,Monthly
S01120,C0976,P002,2026-01-20,,Active,Monthly
S01121,C0977,P001,2023-06-28,2024-03-04,Cancelled,Monthly
S01122,C0978,P002,2025-12-15,,Active,Monthly
S01123,C0979,P002,2026-03-24,2027-07-13,Expired,Monthly
S01124,C0979,P003,2026-06-04,,Active,Monthly
S01125,C0980,P003,2023-04-21,2024-01-06,Cancelled,Monthly
S01126,C0980,P002,2023-12-22,2024-09-24,Cancelled,Monthly
S01127,C0981,P002,2023-05-17,,Active,Monthly
S01128,C0982,P002,2023-08-20,,Active,Monthly
S01129,C0983,P001,2025-09-18,,Active,Monthly
S01130,C0984,P001,2024-04-12,2024-10-04,Expired,Monthly
S01131,C0984,P003,2025-01-25,,Active,Monthly
S01132,C0985,P002,2025-01-01,2026-04-21,Cancelled,Monthly
S01133,C0986,P002,2024-04-25,,Active,Monthly
S01134,C0987,P003,2025-12-27,,Active,Annual
S01135,C0988,P002,2025-03-24,2026-05-23,Cancelled,Monthly
S01136,C0989,P002,2025-09-20,2026-01-13,Cancelled,Monthly
S01137,C0989,P003,2026-05-19,,Active,Annual
S01138,C0990,P002,2023-11-19,,Active,Annual
S01139,C0991,P004,2025-07-10,,Active,Annual
S01140,C0992,P001,2025-06-22,2026-08-18,Expired,Monthly
S01141,C0992,P002,2026-03-05,,Active,Monthly
S01142,C0993,P001,2024-08-28,2025-03-16,Cancelled,Monthly
S01143,C0994,P003,2024-03-04,,Active,Annual
S01144,C0995,P001,2023-05-28,,Active,Monthly
S01145,C0996,P002,2026-02-15,,Active,Annual
S01146,C0997,P001,2025-04-29,,Active,Annual
S01147,C0998,P001,2024-01-02,,Active,Monthly
S01148,C0999,P002,2025-04-29,,Active,Monthly
S01149,C1000,P001,2025-12-25,,Active,Monthly
S01150,C1001,P001,2025-03-23,,Active,Annual
S01151,C1002,P001,2023-06-24,,Active,Monthly
S01152,C1003,P002,2024-08-10,,Active,Monthly
S01153,C1004,P003,2024-05-09,,Active,Annual
S01154,C1005,P001,2025-08-30,,Active,Monthly
S01155,C1006,P003,2026-02-11,2026-08-10,Expired,Monthly
S01156,C1006,P004,2026-05-04,,Active,Monthly
S01157,C1007,P001,2026-02-08,,Active,Monthly
S01158,C1008,P001,2026-03-16,,Active,Monthly
S01159,C1009,P004,2023-02-04,,Active,Annual
S01160,C1010,P002,2025-09-25,,Active,Monthly
S01161,C1011,P001,2024-06-21,,Active,Annual
S01162,C1012,P001,2025-01-19,,Active,Monthly
S01163,C1013,P002,2025-11-03,2026-08-10,Cancelled,Annual
S01164,C1013,P003,2026-06-01,,Active,Monthly
S01165,C1014,P002,2024-01-09,,Active,Annual
S01166,C1015,P003,2024-07-10,2024-12-17,Cancelled,Monthly
S01167,C1015,P002,2024-12-28,,Active,Monthly
S01168,C1016,P002,2023-08-21,2024-08-06,Expired,Monthly
S01169,C1016,P003,2024-06-21,,Active,Annual
S01170,C1017,P001,2024-12-05,,Active,Monthly
S01171,C1018,P002,2024-07-16,,Active,Monthly
S01172,C1019,P002,2025-07-27,2026-08-31,Expired,Annual
S01173,C1020,P003,2025-06-05,,Active,Monthly
S01174,C1021,P001,2024-12-26,2025-10-07,Cancelled,Monthly
S01175,C1022,P002,2023-03-17,,Active,Annual
S01176,C1023,P002,2024-03-14,,Active,Monthly
S01177,C1024,P002,2024-11-29,,Active,Annual
S01178,C1025,P003,2025-07-03,,Active,Monthly
S01179,C1026,P004,2025-06-09,,Active,Monthly
S01180,C1027,P002,2024-11-22,,Active,Annual
S01181,C1028,P003,2023-09-10,,Active,Monthly
S01182,C1029,P001,2026-02-23,2027-01-12,Cancelled,Annual
S01183,C1030,P002,2025-11-26,2026-09-17,Cancelled,Monthly
S01184,C1030,P003,2026-06-04,2026-12-28,Expired,Monthly
S01185,C1031,P001,2024-02-14,2024-08-05,Cancelled,Annual
S01186,C1031,P002,2024-09-12,,Active,Monthly
S01187,C1032,P001,2023-05-07,2024-07-28,Cancelled,Annual
S01188,C1033,P001,2026-04-06,,Active,Annual
S01189,C1034,P001,2024-08-14,2025-10-24,Expired,Annual
S01190,C1035,P002,2023-10-21,2025-01-18,Cancelled,Monthly
S01191,C1036,P001,2025-10-16,,Active,Monthly
S01192,C1037,P003,2023-11-06,2025-01-15,Cancelled,Monthly
S01193,C1037,P001,2025-02-12,,Active,Monthly
S01194,C1038,P004,2024-10-23,,Active,Monthly
S01195,C1039,P002,2024-06-11,,Active,Monthly
S01196,C1040,P004,2024-06-23,,Active,Monthly
S01197,C1041,P002,2024-02-23,,Active,Monthly
S01198,C1042,P002,2024-03-19,2024-11-28,Cancelled,Monthly
S01199,C1043,P002,2024-11-15,,Active,Monthly
S01200,C1044,P001,2025-04-19,2026-03-23,Cancelled,Annual
S01201,C1044,P002,2026-03-06,,Active,Monthly
S01202,C1045,P001,2023-08-24,,Active,Monthly
S01203,C1046,P003,2023-08-02,2024-04-24,Cancelled,Monthly
S01204,C1046,P001,2024-06-09,2025-02-07,Expired,Annual
S01205,C1047,P001,2023-03-26,2024-06-07,Cancelled,Annual
S01206,C1048,P001,2025-03-04,,Active,Annual
S01207,C1049,P002,2023-03-26,,Active,Annual
S01208,C1050,P002,2023-03-06,2024-07-13,Cancelled,Monthly
S01209,C1051,P002,2024-10-24,2025-05-07,Cancelled,Monthly
S01210,C1052,P002,2024-09-18,,Active,Monthly
S01211,C1053,P004,2023-03-05,,Active,Monthly
S01212,C1054,P002,2025-07-27,,Active,Annual
S01213,C1055,P002,2025-07-07,2026-04-25,Expired,Monthly
S01214,C1056,P002,2026-03-27,,Active,Monthly
S01215,C1057,P002,2024-05-05,2025-07-26,Expired,Monthly
S01216,C1057,P002,2025-06-29,,Active,Monthly
S01217,C1058,P002,2023-11-09,,Active,Annual
S01218,C1059,P002,2024-09-06,,Active,Monthly
S01219,C1060,P002,2025-07-07,2026-01-27,Cancelled,Monthly
S01220,C1060,P003,2026-01-22,,Active,Annual
S01221,C1061,P003,2025-03-23,,Active,Monthly
S01222,C1062,P002,2025-07-28,2026-10-12,Expired,Monthly
S01223,C1063,P001,2026-01-16,,Active,Monthly
S01224,C1064,P003,2024-11-10,2025-04-26,Cancelled,Monthly
S01225,C1065,P003,2024-03-10,,Active,Monthly
S01226,C1066,P004,2024-11-12,,Active,Monthly
S01227,C1067,P002,2026-03-04,,Active,Annual
S01228,C1068,P003,2025-12-09,,Active,Monthly
S01229,C1069,P002,2023-12-06,,Active,Monthly
S01230,C1070,P001,2023-12-13,,Active,Annual
S01231,C1071,P003,2024-10-07,,Active,Annual
S01232,C1072,P004,2024-10-10,2026-01-02,Cancelled,Monthly
S01233,C1073,P001,2023-09-02,,Active,Annual
S01234,C1074,P002,2023-04-19,2024-03-25,Cancelled,Monthly
S01235,C1074,P002,2023-09-01,,Active,Monthly
S01236,C1075,P002,2024-06-16,2024-10-06,Cancelled,Monthly
S01237,C1076,P002,2026-01-18,2027-02-26,Expired,Annual
S01238,C1076,P001,2026-06-27,2026-10-30,Expired,Monthly
S01239,C1077,P002,2023-10-23,,Active,Annual
S01240,C1078,P004,2023-04-22,,Active,Monthly
S01241,C1079,P004,2023-12-09,2025-02-01,Cancelled,Annual
S01242,C1080,P003,2023-04-11,,Active,Monthly
S01243,C1081,P004,2024-09-20,,Active,Monthly
S01244,C1082,P002,2023-01-28,,Active,Monthly
S01245,C1083,P001,2025-07-25,,Active,Annual
S01246,C1084,P003,2023-02-27,,Active,Monthly
S01247,C1085,P002,2023-10-24,,Active,Monthly
S01248,C1086,P001,2023-05-14,2024-05-24,Expired,Annual
S01249,C1087,P001,2023-09-06,2024-08-25,Expired,Monthly
S01250,C1088,P001,2025-10-17,2026-06-28,Cancelled,Monthly
S01251,C1088,P002,2026-05-07,2027-09-11,Expired,Monthly
S01252,C1089,P004,2024-07-03,2025-10-22,Expired,Monthly
S01253,C1089,P004,2025-05-04,,Active,Monthly
S01254,C1090,P003,2025-06-20,2026-09-04,Cancelled,Monthly
S01255,C1090,P001,2026-03-17,,Active,Annual
S01256,C1091,P002,2026-01-03,2026-10-12,Expired,Monthly
S01257,C1092,P001,2025-04-13,,Active,Monthly
S01258,C1093,P002,2026-04-06,,Active,Monthly
S01259,C1094,P001,2025-02-09,2026-03-24,Expired,Annual
S01260,C1094,P001,2026-03-30,,Active,Monthly
S01261,C1095,P003,2023-05-26,,Active,Monthly
S01262,C1096,P001,2025-06-11,2026-10-20,Cancelled,Monthly
S01263,C1096,P001,2026-03-02,,Active,Annual
S01264,C1097,P001,2023-12-10,,Active,Monthly
S01265,C1098,P002,2025-11-24,,Active,Annual
S01266,C1099,P002,2024-12-02,2025-12-16,Expired,Monthly
S01267,C1099,P002,2025-09-05,2027-01-04,Cancelled,Monthly
S01268,C1100,P003,2023-01-01,,Active,Monthly
S01269,C1101,P003,2023-06-02,,Active,Annual
S01270,C1102,P002,2024-03-04,,Active,Annual
S01271,C1103,P001,2024-05-22,2025-03-13,Expired,Monthly
S01272,C1103,P003,2025-01-15,,Active,Monthly
S01273,C1104,P002,2026-02-23,,Active,Monthly
S01274,C1105,P004,2024-05-05,2025-01-01,Cancelled,Monthly
S01275,C1105,P003,2024-12-19,,Active,Monthly
S01276,C1106,P002,2023-12-11,2025-03-26,Cancelled,Monthly
S01277,C1107,P001,2023-08-09,2024-08-22,Expired,Monthly
S01278,C1107,P002,2024-06-13,,Active,Monthly
S01279,C1108,P004,2024-12-23,,Active,Annual
S01280,C1109,P002,2025-11-14,2026-04-07,Expired,Monthly
S01281,C1109,P003,2026-06-11,,Active,Monthly
S01282,C1110,P003,2024-06-11,,Active,Monthly
S01283,C1111,P001,2025-04-20,2025-12-29,Cancelled,Monthly
S01284,C1111,P002,2026-02-05,2026-10-20,Expired,Monthly
S01285,C1112,P001,2025-12-01,,Active,Annual
S01286,C1113,P004,2024-04-25,,Active,Monthly
S01287,C1114,P001,2025-07-18,,Active,Monthly
S01288,C1115,P002,2025-05-21,,Active,Monthly
S01289,C1116,P002,2023-12-11,,Active,Monthly
S01290,C1117,P001,2023-02-14,2024-06-02,Expired,Monthly
S01291,C1118,P004,2023-01-21,,Active,Monthly
S01292,C1119,P004,2025-12-29,,Active,Monthly
S01293,C1120,P001,2025-05-22,2026-06-25,Expired,Annual
S01294,C1121,P001,2023-02-17,,Active,Monthly
S01295,C1122,P002,2024-07-04,,Active,Monthly
S01296,C1123,P002,2023-10-14,,Active,Annual
S01297,C1124,P001,2025-09-28,2026-09-18,Expired,Annual
S01298,C1124,P001,2026-02-23,,Active,Monthly
S01299,C1125,P002,2025-10-30,,Active,Monthly
S01300,C1126,P003,2024-06-25,2025-04-15,Cancelled,Monthly
S01301,C1127,P002,2025-01-25,,Active,Annual
S01302,C1128,P004,2023-10-01,2025-01-15,Cancelled,Monthly
S01303,C1128,P001,2024-10-03,,Active,Annual
S01304,C1129,P003,2025-08-13,,Active,Annual
S01305,C1130,P003,2024-08-22,,Active,Monthly
S01306,C1131,P001,2024-01-16,,Active,Monthly
S01307,C1132,P003,2024-04-23,2024-07-28,Expired,Monthly
S01308,C1133,P002,2023-01-15,,Active,Monthly
S01309,C1134,P001,2024-05-30,2025-08-04,Expired,Annual
S01310,C1135,P001,2023-07-10,,Active,Monthly
S01311,C1136,P002,2026-04-06,,Active,Monthly
S01312,C1137,P001,2024-09-12,,Active,Monthly
S01313,C1138,P003,2026-03-06,2026-10-30,Cancelled,Annual
S01314,C1139,P004,2023-06-03,,Active,Annual
S01315,C1140,P003,2023-09-29,,Active,Annual
S01316,C1141,P002,2023-05-23,2023-11-26,Cancelled,Monthly
S01317,C1142,P001,2025-12-28,2027-01-12,Expired,Annual
S01318,C1143,P002,2023-09-04,2024-11-12,Expired,Monthly
S01319,C1143,P003,2024-12-17,,Active,Annual
S01320,C1144,P002,2025-02-26,,Active,Annual
S01321,C1145,P003,2023-03-20,2024-04-22,Cancelled,Monthly
S01322,C1145,P002,2024-04-02,,Active,Annual
S01323,C1146,P004,2024-09-14,,Active,Monthly
S01324,C1147,P003,2024-06-08,,Active,Monthly
S01325,C1148,P004,2025-02-10,,Active,Monthly
S01326,C1149,P002,2025-07-26,2026-08-17,Expired,Monthly
S01327,C1149,P003,2026-01-10,2027-01-19,Cancelled,Annual
S01328,C1150,P001,2026-01-23,,Active,Annual
S01329,C1151,P004,2024-09-08,2025-08-17,Expired,Monthly
S01330,C1152,P002,2025-10-28,,Active,Monthly
S01331,C1153,P002,2023-03-08,,Active,Annual
S01332,C1154,P002,2023-07-10,2024-02-27,Cancelled,Monthly
S01333,C1154,P003,2024-07-17,,Active,Monthly
S01334,C1155,P002,2025-02-06,2025-11-15,Cancelled,Monthly
S01335,C1156,P001,2024-06-04,2025-08-08,Expired,Annual
S01336,C1156,P002,2025-07-17,,Active,Annual
S01337,C1157,P002,2025-09-16,,Active,Monthly
S01338,C1158,P004,2026-02-14,,Active,Monthly
S01339,C1159,P002,2023-09-24,,Active,Monthly
S01340,C1160,P001,2024-04-29,2025-08-20,Cancelled,Monthly
S01341,C1160,P003,2025-07-10,,Active,Monthly
S01342,C1161,P001,2026-04-02,,Active,Monthly
S01343,C1162,P002,2024-01-11,,Active,Monthly
S01344,C1163,P001,2024-10-14,,Active,Monthly
S01345,C1164,P002,2024-07-02,,Active,Monthly
S01346,C1165,P003,2026-01-02,,Active,Monthly
S01347,C1166,P003,2023-03-14,2024-04-22,Cancelled,Monthly
S01348,C1166,P003,2024-07-10,,Active,Monthly
S01349,C1167,P002,2023-11-04,,Active,Monthly
S01350,C1168,P002,2023-07-18,,Active,Annual
S01351,C1169,P004,2026-02-27,,Active,Annual
S01352,C1170,P001,2024-07-25,,Active,Monthly
S01353,C1171,P004,2025-03-01,,Active,Monthly
S01354,C1172,P003,2026-03-20,,Active,Annual
S01355,C1173,P001,2023-06-28,,Active,Monthly
S01356,C1174,P001,2023-07-16,2023-12-23,Cancelled,Annual
S01357,C1174,P003,2024-03-04,,Active,Monthly
S01358,C1175,P003,2025-01-04,,Active,Monthly
S01359,C1176,P001,2023-03-30,2023-12-16,Cancelled,Monthly
S01360,C1176,P001,2023-08-30,,Active,Monthly
S01361,C1177,P003,2025-03-09,,Active,Monthly
S01362,C1178,P002,2025-02-26,,Active,Monthly
S01363,C1179,P003,2025-01-17,2025-08-14,Cancelled,Annual
S01364,C1179,P002,2026-01-15,,Active,Monthly
S01365,C1180,P002,2023-07-28,2024-02-13,Expired,Monthly
S01366,C1180,P002,2024-07-02,,Active,Annual
S01367,C1181,P001,2024-05-07,,Active,Annual
S01368,C1182,P002,2026-02-27,,Active,Monthly
S01369,C1183,P002,2024-10-26,2025-03-16,Expired,Monthly
S01370,C1183,P003,2025-03-24,2026-06-07,Cancelled,Monthly
S01371,C1184,P002,2025-11-02,2026-05-01,Expired,Monthly
S01372,C1185,P003,2025-05-20,2025-12-11,Cancelled,Monthly
S01373,C1185,P002,2026-07-11,2027-08-30,Cancelled,Monthly
S01374,C1186,P003,2025-01-01,2025-12-25,Cancelled,Monthly
S01375,C1186,P002,2025-12-29,2027-01-08,Cancelled,Annual
S01376,C1187,P001,2026-02-03,,Active,Annual
S01377,C1188,P001,2024-11-28,,Active,Annual
S01378,C1189,P001,2026-01-27,2026-06-11,Cancelled,Annual
S01379,C1190,P002,2024-08-16,,Active,Monthly
S01380,C1191,P002,2025-06-04,,Active,Monthly
S01381,C1192,P003,2025-05-01,,Active,Monthly
S01382,C1193,P001,2023-11-21,2024-10-13,Cancelled,Monthly
S01383,C1193,P002,2025-03-13,,Active,Monthly
S01384,C1194,P001,2025-09-05,,Active,Monthly
S01385,C1195,P002,2025-08-13,2026-08-03,Cancelled,Annual
S01386,C1195,P002,2026-06-02,,Active,Annual
S01387,C1196,P002,2025-06-12,,Active,Annual
S01388,C1197,P001,2023-05-24,,Active,Monthly
S01389,C1198,P002,2024-01-19,2024-10-21,Expired,Monthly
S01390,C1198,P002,2024-08-14,2025-10-28,Expired,Monthly
S01391,C1199,P001,2023-08-04,2023-11-26,Expired,Monthly
S01392,C1199,P003,2024-10-09,2025-12-04,Cancelled,Annual
S01393,C1200,P004,2023-11-20,,Active,Annual
S01394,C1201,P004,2025-11-04,,Active,Monthly
S01395,C1202,P004,2023-08-05,,Active,Annual
S01396,C1203,P002,2025-08-08,2026-03-30,Cancelled,Monthly
S01397,C1204,P001,2023-07-02,,Active,Annual
S01398,C1205,P001,2023-09-27,2024-11-12,Cancelled,Monthly
S01399,C1206,P001,2025-08-02,2026-02-13,Cancelled,Monthly
S01400,C1206,P003,2026-05-29,,Active,Annual
S01401,C1207,P003,2025-05-19,,Active,Monthly
S01402,C1208,P002,2024-04-11,,Active,Annual
S01403,C1209,P003,2023-11-01,2024-11-28,Expired,Annual
S01404,C1210,P001,2026-03-13,,Active,Monthly
S01405,C1211,P001,2023-04-21,,Active,Annual
S01406,C1212,P001,2025-10-10,2026-06-27,Cancelled,Monthly
S01407,C1213,P003,2023-08-20,,Active,Annual
S01408,C1214,P001,2024-08-17,2024-12-18,Expired,Annual
S01409,C1215,P002,2023-06-22,2024-11-02,Cancelled,Monthly
S01410,C1216,P003,2025-08-30,,Active,Annual
S01411,C1217,P001,2025-10-27,2026-12-10,Expired,Monthly
S01412,C1217,P003,2026-06-16,,Active,Monthly
S01413,C1218,P002,2026-03-24,2027-07-07,Expired,Monthly
S01414,C1219,P004,2024-06-29,,Active,Monthly
S01415,C1220,P003,2024-07-01,,Active,Annual
S01416,C1221,P001,2024-06-01,2025-02-25,Expired,Monthly
S01417,C1222,P002,2025-07-02,,Active,Monthly
S01418,C1223,P001,2023-08-03,,Active,Annual
S01419,C1224,P002,2023-05-14,2024-03-13,Cancelled,Annual
S01420,C1225,P001,2023-10-12,,Active,Monthly
S01421,C1226,P001,2026-02-23,,Active,Monthly
S01422,C1227,P004,2024-11-16,,Active,Monthly
S01423,C1228,P004,2026-03-21,2027-05-03,Cancelled,Monthly
S01424,C1228,P003,2026-06-01,,Active,Annual
S01425,C1229,P003,2023-11-27,,Active,Annual
S01426,C1230,P002,2026-02-12,2026-09-30,Expired,Annual
S01427,C1230,P003,2026-06-29,,Active,Annual
S01428,C1231,P002,2025-06-12,,Active,Monthly
S01429,C1232,P001,2025-06-17,2026-10-18,Cancelled,Monthly
S01430,C1232,P001,2026-04-18,,Active,Monthly
S01431,C1233,P001,2026-01-03,2027-03-08,Cancelled,Monthly
S01432,C1234,P002,2026-04-04,,Active,Monthly
S01433,C1235,P001,2023-03-19,,Active,Annual
S01434,C1236,P002,2025-08-04,,Active,Monthly
S01435,C1237,P003,2024-11-18,,Active,Annual
S01436,C1238,P003,2023-01-21,2023-09-16,Expired,Annual
S01437,C1239,P003,2024-07-19,,Active,Annual
S01438,C1240,P002,2025-04-06,,Active,Monthly
S01439,C1241,P003,2023-06-28,,Active,Monthly
S01440,C1242,P002,2026-02-09,,Active,Monthly
S01441,C1243,P002,2025-12-18,,Active,Annual
S01442,C1244,P001,2025-06-23,2026-06-29,Expired,Monthly
S01443,C1245,P003,2024-10-30,,Active,Monthly
S01444,C1246,P004,2023-07-10,,Active,Monthly
S01445,C1247,P003,2024-12-08,,Active,Monthly
S01446,C1248,P001,2025-11-24,,Active,Monthly
S01447,C1249,P002,2024-01-14,2024-11-11,Expired,Annual
S01448,C1250,P001,2024-01-22,,Active,Annual
S01449,C1251,P003,2023-08-25,2024-04-15,Cancelled,Monthly
S01450,C1251,P003,2024-11-11,,Active,Annual
S01451,C1252,P001,2024-09-07,,Active,Monthly
S01452,C1253,P004,2023-10-10,2024-07-13,Cancelled,Monthly
S01453,C1254,P001,2023-01-01,,Active,Annual
S01454,C1255,P003,2024-04-08,2024-11-01,Expired,Annual
S01455,C1255,P002,2025-02-14,,Active,Annual
S01456,C1256,P004,2025-08-24,,Active,Annual
S01457,C1257,P003,2023-06-21,,Active,Monthly
S01458,C1258,P003,2026-01-15,,Active,Monthly
S01459,C1259,P004,2026-02-20,,Active,Monthly
S01460,C1260,P002,2025-04-22,,Active,Monthly
S01461,C1261,P001,2024-11-20,2025-03-04,Expired,Monthly
S01462,C1262,P002,2024-07-28,,Active,Monthly
S01463,C1263,P003,2023-06-14,,Active,Monthly
S01464,C1264,P004,2024-01-18,,Active,Annual
S01465,C1265,P002,2023-07-28,,Active,Annual
S01466,C1266,P003,2023-08-12,,Active,Monthly
S01467,C1267,P001,2023-01-03,,Active,Monthly
S01468,C1268,P002,2024-01-07,,Active,Monthly
S01469,C1269,P001,2024-09-02,2025-03-25,Expired,Monthly
S01470,C1269,P001,2025-05-30,,Active,Monthly
S01471,C1270,P002,2023-04-26,2024-08-18,Cancelled,Monthly
S01472,C1271,P002,2024-03-22,,Active,Monthly
S01473,C1272,P003,2024-02-19,,Active,Monthly
S01474,C1273,P003,2026-01-23,2027-01-20,Expired,Annual
S01475,C1274,P002,2025-06-10,2026-01-21,Expired,Annual
S01476,C1275,P002,2025-11-13,,Active,Monthly
S01477,C1276,P003,2024-10-24,,Active,Annual
S01478,C1277,P003,2025-12-09,,Active,Annual
S01479,C1278,P003,2024-12-18,,Active,Monthly
S01480,C1279,P002,2026-01-07,,Active,Monthly
S01481,C1280,P001,2025-11-16,,Active,Monthly
S01482,C1281,P001,2023-09-28,,Active,Monthly
S01483,C1282,P002,2024-07-15,2025-11-10,Expired,Annual
S01484,C1283,P001,2025-03-14,,Active,Monthly
S01485,C1284,P002,2023-09-04,,Active,Annual
S01486,C1285,P001,2024-01-22,,Active,Monthly
S01487,C1286,P002,2024-12-02,2026-03-06,Expired,Monthly
S01488,C1287,P002,2024-07-12,,Active,Monthly
S01489,C1288,P002,2025-08-30,,Active,Annual
S01490,C1289,P001,2025-09-10,,Active,Monthly
S01491,C1290,P001,2023-12-18,,Active,Monthly
S01492,C1291,P003,2025-01-22,2025-06-09,Cancelled,Annual
S01493,C1291,P002,2026-04-29,,Active,Monthly
S01494,C1292,P002,2025-02-19,,Active,Monthly
S01495,C1293,P002,2025-10-21,2026-03-04,Expired,Monthly
S01496,C1294,P004,2024-06-29,,Active,Annual
S01497,C1295,P001,2023-03-20,2024-04-19,Expired,Monthly
S01498,C1295,P003,2023-07-20,,Active,Monthly
S01499,C1296,P001,2023-11-30,,Active,Monthly
S01500,C1297,P001,2025-06-07,,Active,Monthly
S01501,C1298,P001,2026-01-26,,Active,Monthly
S01502,C1299,P002,2026-01-10,2027-03-20,Expired,Annual
S01503,C1300,P003,2024-05-16,,Active,Monthly
S01504,C1301,P001,2025-02-03,2026-04-29,Cancelled,Monthly
S01505,C1301,P001,2025-06-08,2026-09-25,Cancelled,Annual
S01506,C1302,P002,2025-07-09,,Active,Annual
S01507,C1303,P002,2024-07-03,,Active,Annual
S01508,C1304,P002,2023-01-14,2023-07-15,Expired,Monthly
S01509,C1304,P001,2024-03-11,,Active,Annual
S01510,C1305,P002,2024-01-27,,Active,Monthly
S01511,C1306,P004,2023-11-06,,Active,Monthly
S01512,C1307,P004,2024-01-21,,Active,Monthly
S01513,C1308,P001,2025-08-31,,Active,Monthly
S01514,C1309,P003,2026-01-22,,Active,Monthly
S01515,C1310,P001,2026-01-21,2027-04-26,Expired,Monthly
S01516,C1310,P001,2026-05-16,,Active,Monthly
S01517,C1311,P002,2023-12-06,2025-01-22,Expired,Monthly
S01518,C1311,P002,2025-01-06,,Active,Monthly
S01519,C1312,P002,2024-08-19,2025-05-24,Cancelled,Annual
S01520,C1313,P002,2025-01-26,2026-01-28,Expired,Monthly
S01521,C1313,P002,2025-08-01,,Active,Annual
S01522,C1314,P004,2025-11-11,,Active,Annual
S01523,C1315,P002,2023-10-18,2024-09-19,Cancelled,Annual
S01524,C1315,P002,2024-03-16,,Active,Annual
S01525,C1316,P001,2023-11-02,2024-07-08,Expired,Monthly
S01526,C1316,P003,2024-03-12,2024-10-26,Cancelled,Monthly
S01527,C1317,P002,2024-09-25,,Active,Monthly
S01528,C1318,P002,2026-02-25,,Active,Monthly
S01529,C1319,P001,2024-09-16,,Active,Annual
S01530,C1320,P001,2025-07-27,,Active,Monthly
S01531,C1321,P003,2025-04-27,2026-01-31,Cancelled,Annual
S01532,C1322,P001,2024-03-17,,Active,Monthly
S01533,C1323,P002,2024-05-17,2025-07-01,Cancelled,Annual
S01534,C1324,P001,2023-05-10,,Active,Annual
S01535,C1325,P002,2026-03-01,,Active,Monthly
S01536,C1326,P002,2024-08-19,,Active,Monthly
S01537,C1327,P002,2025-05-11,2026-04-08,Cancelled,Annual
S01538,C1328,P003,2024-08-15,,Active,Monthly
S01539,C1329,P003,2025-09-25,2026-10-18,Expired,Annual
S01540,C1329,P004,2026-06-17,,Active,Monthly
S01541,C1330,P002,2023-11-21,,Active,Monthly
S01542,C1331,P002,2025-12-28,,Active,Annual
S01543,C1332,P001,2024-03-23,,Active,Monthly
S01544,C1333,P002,2025-03-29,,Active,Monthly
S01545,C1334,P001,2026-04-03,2026-07-17,Cancelled,Monthly
S01546,C1335,P003,2024-12-09,2025-03-28,Expired,Annual
S01547,C1335,P002,2025-07-24,,Active,Monthly
S01548,C1336,P003,2023-09-22,,Active,Annual
S01549,C1337,P002,2024-09-03,2025-03-29,Expired,Monthly
S01550,C1337,P002,2025-01-01,2026-02-26,Expired,Annual
S01551,C1338,P002,2025-04-11,,Active,Monthly
S01552,C1339,P001,2024-11-04,,Active,Monthly
S01553,C1340,P002,2023-06-06,2024-06-21,Expired,Monthly
S01554,C1340,P003,2023-11-27,,Active,Monthly
S01555,C1341,P001,2023-09-08,2024-07-19,Expired,Monthly
S01556,C1342,P003,2025-05-27,2025-12-13,Expired,Annual
S01557,C1342,P002,2026-04-15,2027-03-28,Cancelled,Annual
S01558,C1343,P002,2024-06-13,2025-06-17,Cancelled,Monthly
S01559,C1344,P002,2023-11-23,,Active,Monthly
S01560,C1345,P003,2025-08-18,2026-09-28,Cancelled,Monthly
S01561,C1345,P003,2026-04-27,,Active,Annual
S01562,C1346,P004,2025-06-13,2026-03-25,Cancelled,Monthly
S01563,C1346,P001,2026-05-17,,Active,Monthly
S01564,C1347,P001,2023-04-07,,Active,Monthly
S01565,C1348,P001,2024-05-27,2025-06-02,Expired,Monthly
S01566,C1349,P002,2023-08-04,,Active,Monthly
S01567,C1350,P002,2026-03-01,,Active,Monthly
S01568,C1351,P003,2023-05-05,,Active,Monthly
S01569,C1352,P002,2026-01-10,,Active,Annual
S01570,C1353,P001,2023-02-28,,Active,Annual
S01571,C1354,P002,2023-06-10,2024-02-11,Cancelled,Monthly
S01572,C1355,P003,2023-10-11,2024-09-04,Cancelled,Annual
S01573,C1356,P002,2023-04-16,2024-08-09,Cancelled,Monthly
S01574,C1356,P003,2024-05-08,,Active,Monthly
S01575,C1357,P002,2026-02-02,,Active,Monthly
S01576,C1358,P002,2023-08-16,,Active,Monthly
S01577,C1359,P003,2023-11-14,,Active,Monthly
S01578,C1360,P003,2025-03-12,,Active,Monthly
S01579,C1361,P001,2025-05-23,,Active,Annual
S01580,C1362,P002,2024-04-16,,Active,Annual
S01581,C1363,P001,2025-12-15,,Active,Monthly
S01582,C1364,P002,2024-09-16,,Active,Monthly
S01583,C1365,P001,2023-01-13,,Active,Monthly
S01584,C1366,P001,2025-11-07,,Active,Annual
S01585,C1367,P003,2024-11-24,,Active,Annual
S01586,C1368,P003,2025-08-30,2026-10-13,Expired,Monthly
S01587,C1369,P003,2023-04-23,,Active,Annual
S01588,C1370,P001,2023-08-17,2023-12-18,Expired,Monthly
S01589,C1370,P002,2024-04-17,,Active,Monthly
S01590,C1371,P001,2023-06-20,2023-10-18,Cancelled,Monthly
S01591,C1371,P003,2024-08-06,,Active,Annual
S01592,C1372,P003,2023-10-22,,Active,Monthly
S01593,C1373,P003,2023-07-08,,Active,Monthly
S01594,C1374,P001,2024-03-01,,Active,Annual
S01595,C1375,P004,2025-09-03,,Active,Monthly
S01596,C1376,P001,2026-01-07,,Active,Annual
S01597,C1377,P003,2024-10-19,2025-04-01,Expired,Monthly
S01598,C1377,P001,2025-10-27,2026-03-08,Expired,Annual
S01599,C1378,P002,2025-07-07,,Active,Monthly
S01600,C1379,P001,2024-05-13,2025-04-18,Cancelled,Annual
S01601,C1380,P002,2025-01-31,,Active,Monthly
S01602,C1381,P004,2025-05-15,,Active,Annual
S01603,C1382,P002,2025-04-05,2025-07-27,Cancelled,Monthly
S01604,C1382,P002,2025-11-15,,Active,Monthly
S01605,C1383,P002,2023-03-12,,Active,Monthly
S01606,C1384,P002,2023-09-05,,Active,Monthly
S01607,C1385,P001,2023-05-26,2024-08-10,Cancelled,Monthly
S01608,C1386,P002,2024-08-04,,Active,Annual
S01609,C1387,P002,2024-04-14,2024-12-24,Cancelled,Monthly
S01610,C1388,P001,2023-07-12,,Active,Monthly
S01611,C1389,P002,2025-12-27,,Active,Annual
S01612,C1390,P002,2024-05-08,,Active,Monthly
S01613,C1391,P001,2023-02-21,,Active,Monthly
S01614,C1392,P002,2025-05-31,2026-07-09,Expired,Monthly
S01615,C1393,P002,2023-12-29,2024-12-15,Expired,Annual
S01616,C1394,P001,2025-07-05,2026-10-24,Expired,Monthly
S01617,C1394,P001,2025-11-18,,Active,Annual
S01618,C1395,P002,2024-04-18,2024-09-08,Cancelled,Annual
S01619,C1395,P001,2024-09-29,,Active,Monthly
S01620,C1396,P002,2024-06-04,2025-03-27,Expired,Monthly
S01621,C1397,P001,2024-11-21,,Active,Monthly
S01622,C1398,P003,2026-02-25,2027-03-27,Expired,Monthly
S01623,C1398,P002,2026-05-20,2027-08-17,Expired,Monthly
S01624,C1399,P004,2024-06-15,,Active,Monthly
S01625,C1400,P002,2025-04-19,,Active,Monthly
S01626,C1401,P001,2025-12-24,,Active,Monthly
S01627,C1402,P002,2023-08-29,,Active,Annual
S01628,C1403,P002,2024-06-19,,Active,Monthly
S01629,C1404,P004,2023-03-24,2023-08-21,Expired,Monthly
S01630,C1405,P002,2025-09-08,,Active,Annual
S01631,C1406,P003,2025-08-08,,Active,Annual
S01632,C1407,P002,2024-09-02,,Active,Monthly
S01633,C1408,P002,2024-07-27,2024-10-28,Expired,Annual
S01634,C1408,P001,2024-12-21,,Active,Monthly
S01635,C1409,P002,2023-10-13,2024-04-26,Cancelled,Monthly
S01636,C1410,P001,2025-09-15,,Active,Monthly
S01637,C1411,P001,2024-04-03,2025-04-20,Cancelled,Annual
S01638,C1411,P003,2025-02-18,,Active,Monthly
S01639,C1412,P002,2023-05-06,,Active,Monthly
S01640,C1413,P001,2024-02-29,,Active,Annual
S01641,C1414,P002,2024-07-07,,Active,Annual
S01642,C1415,P004,2024-09-01,,Active,Monthly
S01643,C1416,P002,2026-03-27,2027-06-06,Cancelled,Monthly
S01644,C1417,P001,2023-04-22,2024-06-04,Expired,Monthly
S01645,C1417,P003,2024-03-26,,Active,Annual
S01646,C1418,P002,2024-02-06,,Active,Monthly
S01647,C1419,P001,2023-05-02,2024-03-16,Expired,Monthly
S01648,C1419,P003,2024-04-26,,Active,Annual
S01649,C1420,P004,2023-09-30,2024-04-18,Cancelled,Monthly
S01650,C1420,P001,2024-11-15,2025-02-14,Expired,Monthly
S01651,C1421,P001,2024-02-02,,Active,Annual
S01652,C1422,P001,2024-04-15,,Active,Monthly
S01653,C1423,P001,2025-09-11,,Active,Monthly
S01654,C1424,P004,2026-02-07,,Active,Monthly
S01655,C1425,P002,2024-07-22,,Active,Monthly
S01656,C1426,P002,2026-02-11,,Active,Annual
S01657,C1427,P001,2025-06-15,,Active,Annual
S01658,C1428,P003,2025-03-30,,Active,Annual
S01659,C1429,P002,2025-05-02,2025-08-31,Cancelled,Annual
S01660,C1430,P003,2024-12-10,,Active,Annual
S01661,C1431,P003,2023-11-17,,Active,Annual
S01662,C1432,P001,2023-06-28,,Active,Monthly
S01663,C1433,P002,2025-06-15,,Active,Monthly
S01664,C1434,P002,2023-08-07,2024-10-24,Cancelled,Monthly
S01665,C1435,P002,2025-02-27,,Active,Annual
S01666,C1436,P002,2024-05-06,,Active,Monthly
S01667,C1437,P001,2023-03-02,,Active,Annual
S01668,C1438,P001,2025-12-13,,Active,Monthly
S01669,C1439,P002,2024-06-21,,Active,Monthly
S01670,C1440,P004,2025-04-27,,Active,Monthly
S01671,C1441,P003,2025-09-14,,Active,Annual
S01672,C1442,P001,2023-03-06,2024-01-17,Expired,Annual
S01673,C1443,P004,2024-08-08,,Active,Monthly
S01674,C1444,P001,2023-06-20,,Active,Annual
S01675,C1445,P002,2024-06-18,,Active,Monthly
S01676,C1446,P003,2024-11-23,,Active,Annual
S01677,C1447,P002,2023-04-18,2024-07-18,Expired,Monthly
S01678,C1448,P003,2026-03-31,,Active,Monthly
S01679,C1449,P003,2025-03-24,,Active,Annual
S01680,C1450,P001,2025-10-01,2026-05-09,Expired,Monthly
S01681,C1451,P002,2024-03-27,,Active,Annual
S01682,C1452,P003,2024-08-12,2025-01-14,Cancelled,Monthly
S01683,C1453,P003,2025-11-05,2026-07-04,Expired,Monthly
S01684,C1454,P001,2023-11-23,,Active,Monthly
S01685,C1455,P001,2024-08-30,,Active,Annual
S01686,C1456,P002,2024-10-20,,Active,Annual
S01687,C1457,P003,2023-01-02,,Active,Annual
S01688,C1458,P002,2025-10-30,,Active,Monthly
S01689,C1459,P003,2024-03-09,2025-07-01,Expired,Monthly
S01690,C1460,P001,2023-05-05,,Active,Monthly
S01691,C1461,P001,2026-01-09,,Active,Monthly
S01692,C1462,P002,2024-04-29,,Active,Annual
S01693,C1463,P002,2024-10-13,,Active,Monthly
S01694,C1464,P002,2026-03-19,,Active,Annual
S01695,C1465,P004,2025-03-10,2025-12-01,Expired,Annual
S01696,C1465,P002,2026-02-27,,Active,Monthly
S01697,C1466,P002,2025-05-22,2025-09-03,Expired,Monthly
S01698,C1466,P002,2026-07-08,,Active,Monthly
S01699,C1467,P003,2023-05-09,,Active,Monthly
S01700,C1468,P001,2024-03-13,2024-09-08,Expired,Annual
S01701,C1468,P001,2025-05-10,,Active,Monthly
S01702,C1469,P002,2025-01-20,,Active,Monthly
S01703,C1470,P002,2024-05-15,2025-01-15,Cancelled,Monthly
S01704,C1470,P001,2025-03-14,,Active,Monthly
S01705,C1471,P001,2025-12-17,2026-03-25,Expired,Monthly
S01706,C1472,P004,2023-07-30,,Active,Annual
S01707,C1473,P003,2025-06-20,2025-11-22,Cancelled,Annual
S01708,C1474,P002,2023-02-14,2024-04-25,Expired,Monthly
S01709,C1475,P001,2026-01-25,2027-02-28,Expired,Monthly
S01710,C1475,P003,2026-05-14,2027-05-03,Expired,Monthly
S01711,C1476,P001,2024-06-18,,Active,Annual
S01712,C1477,P003,2024-04-05,,Active,Monthly
S01713,C1478,P003,2024-01-26,,Active,Monthly
S01714,C1479,P003,2025-12-03,,Active,Annual
S01715,C1480,P003,2023-01-27,,Active,Annual
S01716,C1481,P003,2025-03-04,,Active,Monthly
S01717,C1482,P002,2026-01-25,2026-11-16,Expired,Monthly
S01718,C1482,P002,2026-05-09,,Active,Monthly
S01719,C1483,P003,2025-09-01,,Active,Monthly
S01720,C1484,P001,2024-07-01,2025-03-18,Cancelled,Monthly
S01721,C1485,P002,2024-09-12,2025-02-13,Expired,Monthly
S01722,C1486,P003,2024-07-20,,Active,Annual
S01723,C1487,P002,2024-12-04,,Active,Monthly
S01724,C1488,P002,2023-07-04,,Active,Annual
S01725,C1489,P001,2025-12-28,,Active,Monthly
S01726,C1490,P002,2026-02-27,2027-03-20,Cancelled,Monthly
S01727,C1490,P002,2026-05-24,,Active,Monthly
S01728,C1491,P001,2025-04-27,,Active,Monthly
S01729,C1492,P003,2024-08-21,,Active,Monthly
S01730,C1493,P001,2025-03-16,,Active,Annual
S01731,C1494,P002,2026-03-23,,Active,Monthly
S01732,C1495,P002,2023-03-20,,Active,Annual
S01733,C1496,P003,2024-08-01,,Active,Monthly
S01734,C1497,P001,2024-02-17,,Active,Annual
S01735,C1498,P003,2024-06-29,,Active,Monthly
S01736,C1499,P002,2023-06-18,2023-10-02,Cancelled,Monthly
S01737,C1500,P002,2024-11-11,2026-01-25,Expired,Monthly
